{"initial_reset_timestamp": 1744398136.2437072, "timestamps": [1744398136.2578542, 1744398136.2815995, 1744398136.290832, 1744398136.2948954, 1744398136.305516, 1744398136.3137374, 1744398136.329615, 1744398136.3600554, 1744398136.3730733, 1744398136.3904858, 1744398136.4025056, 1744398136.4293053, 1744398136.4332366, 1744398136.4374156, 1744398136.4521663, 1744398136.456678, 1744398136.4737132, 1744398136.4929316, 1744398136.5106006, 1744398136.5175328, 1744398136.5322328, 1744398136.542763, 1744398136.5502598, 1744398136.567596, 1744398136.57869, 1744398136.5890152, 1744398136.6061468, 1744398136.6149297, 1744398136.6231186, 1744398136.6272016, 1744398136.6535578, 1744398136.674932, 1744398136.705478, 1744398136.7201405, 1744398136.7358053, 1744398136.7483265, 1744398136.7627137, 1744398136.7668943, 1744398136.7786167, 1744398136.782512, 1744398136.7986343, 1744398136.8148773, 1744398136.8248549, 1744398136.8494182, 1744398136.857038, 1744398136.868185, 1744398136.8830009, 1744398136.8917, 1744398136.8995385, 1744398136.9069724, 1744398136.9149835, 1744398136.9389093, 1744398136.9499893, 1744398136.9580402, 1744398136.9831066, 1744398136.9926753, 1744398137.0204585, 1744398137.0313323, 1744398137.0353987, 1744398137.0463886, 1744398137.0505562, 1744398137.0919726, 1744398137.0990698, 1744398137.1129887, 1744398137.1305852, 1744398137.1345818, 1744398137.1462245, 1744398137.150143, 1744398137.1541147, 1744398137.1581247, 1744398137.1787813, 1744398137.2055366, 1744398137.2129147, 1744398137.231617, 1744398137.2396815, 1744398137.2512023, 1744398137.2586353, 1744398137.2675672, 1744398137.2893393, 1744398137.3081105, 1744398137.3159118, 1744398137.3329654, 1744398137.3405867, 1744398137.34469, 1744398137.352275, 1744398137.3564363, 1744398137.3764613, 1744398137.3933086, 1744398137.4080324, 1744398137.4267435, 1744398137.449511, 1744398137.4637208, 1744398137.4749117, 1744398137.492316, 1744398137.4963639, 1744398137.5103161, 1744398137.5177734, 1744398137.5487359, 1744398137.5647635, 1744398137.5789032], "episode_lengths": [3, 3, 2, 1, 3, 2, 3, 9, 3, 5, 3, 6, 1, 1, 3, 1, 2, 5, 5, 2, 4, 2, 2, 4, 1, 3, 2, 2, 2, 1, 8, 4, 7, 4, 4, 3, 2, 1, 3, 1, 3, 3, 2, 7, 2, 3, 3, 2, 1, 2, 2, 5, 3, 2, 7, 2, 6, 3, 1, 3, 1, 11, 2, 4, 4, 1, 2, 1, 1, 1, 6, 6, 2, 4, 2, 3, 1, 2, 5, 5, 2, 3, 2, 1, 2, 1, 4, 5, 4, 5, 6, 3, 2, 4, 1, 3, 1, 9, 4, 4], "episode_rewards": [-1.0, -1.0, -1.0, -1.0, -1.0, -1.0, 1.0, 2.7, -1.0, -1.0, -1.0, 3.0, -1.0, -1.0, -1.0, -1.0, -1.0, 0.5, -1.0, -1.0, -1.0, -1.0, -1.0, -1.0, -1.0, 1.0, -1.0, -1.0, -1.0, -1.0, 0.25, 0.5, 0.19999999999999996, -1.0, -1.0, 4.0, -1.0, -1.0, 4.0, -1.0, -1.0, -1.0, -1.0, 1.0, 1.0, 1.0, -1.0, -1.0, -1.0, -1.0, -1.0, 3.333333333333333, -1.0, -1.0, 1.0, -1.0, 3.25, -1.0, -1.0, -1.0, -1.0, 2.5, -1.0, 3.5, -1.0, -1.0, -1.0, -1.0, -1.0, -1.0, 3.0, 0.5, -1.0, -1.0, -1.0, -1.0, -1.0, 4.0, 1.0, -1.0, -1.0, 4.0, -1.0, -1.0, -1.0, -1.0, -1.0, -1.0, 0.5, -1.0, 3.333333333333333, -1.0, -1.0, -1.0, -1.0, -1.0, -1.0, 0.5, -1.0, -1.0], "episode_rewards_2": [1.0, 1.0, 1.0, 1.0, 1.0, 1.0, 1.0, -2.0, 1.0, 1.0, 1.0, -2.0, 1.0, 1.0, 1.0, 1.0, 1.0, 1.0, 1.0, 1.0, 1.0, 1.0, 1.0, 1.0, 1.0, 1.0, 1.0, 1.0, 1.0, 1.0, 1.0, 1.0, 1.0, 1.0, 1.0, -2.0, 1.0, 1.0, -2.0, 1.0, 1.0, 1.0, 1.0, 1.0, 1.0, 1.0, 1.0, 1.0, 1.0, 1.0, 1.0, -2.0, 1.0, 1.0, 1.0, 1.0, -2.0, 1.0, 1.0, 1.0, 1.0, -2.0, 1.0, -2.0, 1.0, 1.0, 1.0, 1.0, 1.0, 1.0, -2.0, 1.0, 1.0, 1.0, 1.0, 1.0, 1.0, -2.0, 1.0, 1.0, 1.0, -2.0, 1.0, 1.0, 1.0, 1.0, 1.0, 1.0, 1.0, 1.0, -2.0, 1.0, 1.0, 1.0, 1.0, 1.0, 1.0, 1.0, 1.0, 1.0], "episode_types": ["t", "t", "t", "t", "t", "t", "t", "t", "t", "t", "t", "t", "t", "t", "t", "t", "t", "t", "t", "t", "t", "t", "t", "t", "t", "t", "t", "t", "t", "t", "t", "t", "t", "t", "t", "t", "t", "t", "t", "t", "t", "t", "t", "t", "t", "t", "t", "t", "t", "t", "t", "t", "t", "t", "t", "t", "t", "t", "t", "t", "t", "t", "t", "t", "t", "t", "t", "t", "t", "t", "t", "t", "t", "t", "t", "t", "t", "t", "t", "t", "t", "t", "t", "t", "t", "t", "t", "t", "t", "t", "t", "t", "t", "t", "t", "t", "t", "t", "t", "t", "t"]}