{"initial_reset_timestamp": 1744398112.9114633, "timestamps": [1744398112.937964, 1744398112.967585, 1744398112.9774508, 1744398112.9845586, 1744398112.988511, 1744398112.9929454, 1744398113.005917, 1744398113.0209668, 1744398113.0315933, 1744398113.0355191, 1744398113.0399172, 1744398113.079069, 1744398113.0967698, 1744398113.102592, 1744398113.1171763, 1744398113.1289005, 1744398113.149857, 1744398113.1595895, 1744398113.1696317, 1744398113.177355, 1744398113.1825178, 1744398113.1999245, 1744398113.2062893, 1744398113.2102537, 1744398113.2169025, 1744398113.2214813, 1744398113.2327077, 1744398113.2572196, 1744398113.269212, 1744398113.2829201, 1744398113.2871394, 1744398113.2993572, 1744398113.3132384, 1744398113.3337712, 1744398113.3407876, 1744398113.3594818, 1744398113.3749332, 1744398113.3907137, 1744398113.4015925, 1744398113.4088266, 1744398113.4259305, 1744398113.439675, 1744398113.4479182, 1744398113.459754, 1744398113.4681897, 1744398113.477453, 1744398113.4854112, 1744398113.4985166, 1744398113.5067725, 1744398113.5158498, 1744398113.5214407, 1744398113.5344267, 1744398113.5525064, 1744398113.555991, 1744398113.5813603, 1744398113.5914202, 1744398113.6131113, 1744398113.627795, 1744398113.6443646, 1744398113.653997, 1744398113.6810062, 1744398113.7145855, 1744398113.729489, 1744398113.7403905, 1744398113.7505734, 1744398113.7623773, 1744398113.7963269, 1744398113.811988, 1744398113.830423, 1744398113.840184, 1744398113.851077, 1744398113.8779335, 1744398113.885597, 1744398113.895263, 1744398113.9051554, 1744398113.9126647, 1744398113.9227898, 1744398113.933804, 1744398113.946724, 1744398113.9555013, 1744398113.9626703, 1744398113.9999716, 1744398114.0216975, 1744398114.0271566, 1744398114.03489, 1744398114.0741034, 1744398114.0832806, 1744398114.0877447, 1744398114.1241252, 1744398114.1309261, 1744398114.1466107, 1744398114.1687477, 1744398114.188812, 1744398114.1997232, 1744398114.2035322, 1744398114.2153378, 1744398114.2330875, 1744398114.2366018, 1744398114.2436206, 1744398114.2555525], "episode_lengths": [6, 5, 3, 2, 1, 1, 2, 3, 3, 1, 1, 11, 3, 1, 4, 2, 4, 2, 2, 2, 1, 3, 2, 1, 2, 1, 1, 7, 3, 3, 1, 2, 3, 5, 2, 3, 3, 4, 2, 2, 5, 3, 2, 3, 1, 2, 1, 3, 2, 2, 1, 2, 3, 1, 4, 2, 4, 3, 4, 3, 6, 7, 4, 3, 1, 3, 7, 2, 2, 2, 3, 5, 1, 2, 2, 2, 1, 2, 2, 2, 2, 6, 3, 1, 2, 9, 1, 1, 9, 2, 2, 3, 4, 3, 1, 2, 2, 1, 1, 3], "episode_rewards": [3.25, -1.0, -1.0, -1.0, -1.0, -1.0, -1.0, 4.0, 1.0, -1.0, -1.0, 0.33333333333333326, -1.0, -1.0, 1.0, 4.0, -1.0, -1.0, -1.0, -1.0, -1.0, -1.0, -1.0, -1.0, -1.0, -1.0, -1.0, 3.25, 4.0, -1.0, -1.0, -1.0, -1.0, -1.0, -1.0, -1.0, -1.0, -1.0, -1.0, -1.0, 0.33333333333333326, -1.0, -1.0, -1.0, -1.0, -1.0, -1.0, 1.0, -1.0, -1.0, -1.0, -1.0, 1.0, -1.0, 0.5, -1.0, -1.0, -1.0, 1.0, -1.0, 3.333333333333333, 1.0, -1.0, -1.0, -1.0, -1.0, 0.5, 1.0, 1.0, -1.0, -1.0, 3.5, -1.0, -1.0, -1.0, -1.0, -1.0, -1.0, -1.0, -1.0, 4.0, -1.0, -1.0, -1.0, 1.0, 3.142857142857143, -1.0, -1.0, 0.33333333333333326, -1.0, -1.0, -1.0, -1.0, -1.0, -1.0, -1.0, 1.0, -1.0, -1.0, 4.0], "episode_rewards_2": [-2.0, 1.0, 1.0, 1.0, 1.0, 1.0, 1.0, -2.0, 1.0, 1.0, 1.0, 1.0, 1.0, 1.0, 1.0, -2.0, 1.0, 1.0, 1.0, 1.0, 1.0, 1.0, 1.0, 1.0, 1.0, 1.0, 1.0, -2.0, -2.0, 1.0, 1.0, 1.0, 1.0, 1.0, 1.0, 1.0, 1.0, 1.0, 1.0, 1.0, 1.0, 1.0, 1.0, 1.0, 1.0, 1.0, 1.0, 1.0, 1.0, 1.0, 1.0, 1.0, 1.0, 1.0, 1.0, 1.0, 1.0, 1.0, 1.0, 1.0, -2.0, 1.0, 1.0, 1.0, 1.0, 1.0, 1.0, 1.0, 1.0, 1.0, 1.0, -2.0, 1.0, 1.0, 1.0, 1.0, 1.0, 1.0, 1.0, 1.0, -2.0, 1.0, 1.0, 1.0, 1.0, -2.0, 1.0, 1.0, 1.0, 1.0, 1.0, 1.0, 1.0, 1.0, 1.0, 1.0, 1.0, 1.0, 1.0, -2.0], "episode_types": ["t", "t", "t", "t", "t", "t", "t", "t", "t", "t", "t", "t", "t", "t", "t", "t", "t", "t", "t", "t", "t", "t", "t", "t", "t", "t", "t", "t", "t", "t", "t", "t", "t", "t", "t", "t", "t", "t", "t", "t", "t", "t", "t", "t", "t", "t", "t", "t", "t", "t", "t", "t", "t", "t", "t", "t", "t", "t", "t", "t", "t", "t", "t", "t", "t", "t", "t", "t", "t", "t", "t", "t", "t", "t", "t", "t", "t", "t", "t", "t", "t", "t", "t", "t", "t", "t", "t", "t", "t", "t", "t", "t", "t", "t", "t", "t", "t", "t", "t", "t", "t"]}