{"initial_reset_timestamp": 1744398124.1723847, "timestamps": [1744398124.1811442, 1744398124.195357, 1744398124.1997764, 1744398124.218357, 1744398124.222358, 1744398124.2540095, 1744398124.2817268, 1744398124.2894204, 1744398124.2999237, 1744398124.3082993, 1744398124.3148928, 1744398124.3236465, 1744398124.3380587, 1744398124.3690708, 1744398124.3805418, 1744398124.3880613, 1744398124.409492, 1744398124.431421, 1744398124.4442217, 1744398124.45225, 1744398124.470511, 1744398124.4847941, 1744398124.5015028, 1744398124.521701, 1744398124.537933, 1744398124.5541294, 1744398124.564332, 1744398124.5714092, 1744398124.5822864, 1744398124.586668, 1744398124.59243, 1744398124.6033049, 1744398124.6105196, 1744398124.614511, 1744398124.6183941, 1744398124.6222837, 1744398124.6355503, 1744398124.6431737, 1744398124.67459, 1744398124.6864007, 1744398124.69058, 1744398124.6989207, 1744398124.7033558, 1744398124.7440562, 1744398124.7633476, 1744398124.773997, 1744398124.781127, 1744398124.8030934, 1744398124.8104742, 1744398124.8145542, 1744398124.8556848, 1744398124.8663385, 1744398124.8703988, 1744398124.9107006, 1744398124.914693, 1744398124.9229662, 1744398124.9467926, 1744398124.9505503, 1744398124.9606442, 1744398124.9741085, 1744398124.9841042, 1744398124.9942756, 1744398125.0051098, 1744398125.0095904, 1744398125.0136, 1744398125.017483, 1744398125.0248878, 1744398125.0323086, 1744398125.0672526, 1744398125.0785172, 1744398125.088954, 1744398125.1083136, 1744398125.115755, 1744398125.1197236, 1744398125.1305368, 1744398125.1505184, 1744398125.1622972, 1744398125.1747656, 1744398125.1842926, 1744398125.200359, 1744398125.2200332, 1744398125.2268617, 1744398125.230197, 1744398125.2441006, 1744398125.2483978, 1744398125.2585037, 1744398125.2889087, 1744398125.2928553, 1744398125.3092384, 1744398125.3157175, 1744398125.3224924, 1744398125.3322496, 1744398125.3427706, 1744398125.3503187, 1744398125.371206, 1744398125.3813236, 1744398125.3880606, 1744398125.3989453, 1744398125.416064, 1744398125.4358466], "episode_lengths": [2, 2, 1, 5, 1, 9, 7, 1, 3, 2, 2, 1, 4, 9, 3, 2, 4, 6, 3, 2, 5, 3, 5, 6, 4, 4, 2, 2, 3, 1, 1, 2, 2, 1, 1, 1, 2, 2, 9, 3, 1, 1, 1, 11, 5, 2, 1, 6, 2, 1, 12, 2, 1, 9, 1, 1, 3, 1, 3, 3, 3, 1, 3, 1, 1, 1, 1, 2, 10, 3, 3, 4, 2, 1, 3, 6, 2, 3, 2, 4, 4, 1, 1, 4, 1, 3, 8, 1, 5, 1, 2, 2, 3, 2, 6, 3, 1, 3, 5, 4], "episode_rewards": [-1.0, -1.0, -1.0, -1.0, -1.0, 2.583333333333333, 3.2, -1.0, -1.0, -1.0, -1.0, -1.0, -1.0, 3.166666666666667, -1.0, 1.0, -1.0, -1.0, -1.0, -1.0, -1.0, 1.0, -1.0, 3.25, -1.0, -1.0, -1.0, -1.0, -1.0, -1.0, -1.0, -1.0, -1.0, -1.0, -1.0, -1.0, -1.0, -1.0, 2.7, -1.0, -1.0, -1.0, -1.0, 1.0, 0.33333333333333326, -1.0, -1.0, 1.0, -1.0, -1.0, 0.19999999999999996, 4.0, -1.0, 3.142857142857143, -1.0, -1.0, -1.0, -1.0, -1.0, -1.0, -1.0, -1.0, -1.0, -1.0, -1.0, -1.0, -1.0, -1.0, 1.0, -1.0, -1.0, 3.5, -1.0, -1.0, -1.0, 3.25, 1.0, -1.0, 4.0, -1.0, -1.0, -1.0, -1.0, 1.0, -1.0, -1.0, 3.2, -1.0, -1.0, -1.0, -1.0, -1.0, 1.0, -1.0, 0.33333333333333326, -1.0, -1.0, -1.0, -1.0, -1.0], "episode_rewards_2": [1.0, 1.0, 1.0, 1.0, 1.0, -2.0, -2.0, 1.0, 1.0, 1.0, 1.0, 1.0, 1.0, -2.0, 1.0, 1.0, 1.0, 1.0, 1.0, 1.0, 1.0, 1.0, 1.0, -2.0, 1.0, 1.0, 1.0, 1.0, 1.0, 1.0, 1.0, 1.0, 1.0, 1.0, 1.0, 1.0, 1.0, 1.0, -2.0, 1.0, 1.0, 1.0, 1.0, 1.0, 1.0, 1.0, 1.0, 1.0, 1.0, 1.0, 1.0, -2.0, 1.0, -2.0, 1.0, 1.0, 1.0, 1.0, 1.0, 1.0, 1.0, 1.0, 1.0, 1.0, 1.0, 1.0, 1.0, 1.0, 1.0, 1.0, 1.0, -2.0, 1.0, 1.0, 1.0, -2.0, 1.0, 1.0, -2.0, 1.0, 1.0, 1.0, 1.0, 1.0, 1.0, 1.0, -2.0, 1.0, 1.0, 1.0, 1.0, 1.0, 1.0, 1.0, 1.0, 1.0, 1.0, 1.0, 1.0, 1.0], "episode_types": ["t", "t", "t", "t", "t", "t", "t", "t", "t", "t", "t", "t", "t", "t", "t", "t", "t", "t", "t", "t", "t", "t", "t", "t", "t", "t", "t", "t", "t", "t", "t", "t", "t", "t", "t", "t", "t", "t", "t", "t", "t", "t", "t", "t", "t", "t", "t", "t", "t", "t", "t", "t", "t", "t", "t", "t", "t", "t", "t", "t", "t", "t", "t", "t", "t", "t", "t", "t", "t", "t", "t", "t", "t", "t", "t", "t", "t", "t", "t", "t", "t", "t", "t", "t", "t", "t", "t", "t", "t", "t", "t", "t", "t", "t", "t", "t", "t", "t", "t", "t", "t"]}