{"initial_reset_timestamp": 1744397921.4417636, "timestamps": [1744397921.4469748, 1744397921.4625337, 1744397921.4692626, 1744397921.4732347, 1744397921.478317, 1744397921.4810703, 1744397921.4908693, 1744397921.4941628, 1744397921.4982293, 1744397921.5032935, 1744397921.5068731, 1744397921.526141, 1744397921.5289886, 1744397921.5305264, 1744397921.5359666, 1744397921.5443041, 1744397921.5572646, 1744397921.561371, 1744397921.5642173, 1744397921.5657737, 1744397921.5684626, 1744397921.582649, 1744397921.5921152, 1744397921.5948975, 1744397921.602411, 1744397921.6050904, 1744397921.6126962, 1744397921.6219077, 1744397921.625767, 1744397921.6273897, 1744397921.6314294, 1744397921.6440678, 1744397921.6533608, 1744397921.6582127, 1744397921.663212, 1744397921.6686838, 1744397921.6905515, 1744397921.693574, 1744397921.697733, 1744397921.7016802, 1744397921.7067785, 1744397921.7264931, 1744397921.7292733, 1744397921.733456, 1744397921.7364385, 1744397921.74065, 1744397921.7505643, 1744397921.7605584, 1744397921.7672672, 1744397921.7757962, 1744397921.7785192, 1744397921.7857673, 1744397921.7895918, 1744397921.793775, 1744397921.795265, 1744397921.7967095, 1744397921.807867, 1744397921.8159304, 1744397921.8210068, 1744397921.8225543, 1744397921.8240333, 1744397921.8365388, 1744397921.839413, 1744397921.842151, 1744397921.8437316, 1744397921.8453887, 1744397921.854917, 1744397921.8565466, 1744397921.8593063, 1744397921.860796, 1744397921.869512, 1744397921.8778386, 1744397921.8799736, 1744397921.8816051, 1744397921.8832555, 1744397921.8873084, 1744397921.8979948, 1744397921.8996868, 1744397921.9013202, 1744397921.9039965, 1744397921.9055793, 1744397921.918486, 1744397921.9274652, 1744397921.9387882, 1744397921.948827, 1744397921.9521942, 1744397921.9618523, 1744397921.965517, 1744397921.9794073, 1744397921.9860115, 1744397921.9899836, 1744397922.0002804, 1744397922.0033464, 1744397922.009286, 1744397922.011295, 1744397922.016718, 1744397922.0269291, 1744397922.0287895, 1744397922.033385, 1744397922.03658], "episode_lengths": [2, 4, 5, 3, 4, 2, 2, 2, 3, 3, 2, 11, 2, 1, 4, 1, 4, 3, 2, 1, 2, 4, 4, 2, 6, 2, 1, 7, 3, 1, 3, 3, 2, 2, 2, 2, 8, 2, 3, 3, 4, 9, 2, 3, 2, 2, 1, 4, 1, 5, 2, 1, 1, 3, 1, 1, 3, 6, 4, 1, 1, 4, 2, 2, 1, 1, 2, 1, 2, 1, 2, 1, 1, 1, 1, 3, 3, 1, 1, 2, 1, 5, 7, 7, 7, 2, 2, 2, 3, 4, 2, 2, 2, 4, 1, 4, 3, 1, 3, 2], "episode_rewards": [-1.0, 3.5, -1.0, -1.0, 1.0, -1.0, -1.0, -1.0, -1.0, -1.0, -1.0, 2.5, -1.0, -1.0, 1.0, -1.0, 1.0, 1.0, -1.0, -1.0, 4.0, 1.0, 4.0, -1.0, 3.333333333333333, -1.0, -1.0, 1.0, -1.0, -1.0, -1.0, -1.0, -1.0, -1.0, -1.0, -1.0, 1.0, -1.0, -1.0, 1.0, 1.0, 2.7, -1.0, 1.0, -1.0, -1.0, -1.0, -1.0, -1.0, 0.33333333333333326, -1.0, -1.0, -1.0, -1.0, -1.0, -1.0, -1.0, 3.333333333333333, -1.0, -1.0, -1.0, -1.0, -1.0, -1.0, -1.0, -1.0, -1.0, -1.0, 4.0, -1.0, -1.0, -1.0, -1.0, -1.0, -1.0, -1.0, 1.0, -1.0, -1.0, -1.0, -1.0, -1.0, 1.0, 1.0, 2.833333333333333, -1.0, -1.0, 4.0, 4.0, -1.0, -1.0, -1.0, -1.0, -1.0, -1.0, -1.0, -1.0, -1.0, -1.0, 1.0], "episode_rewards_2": [1.0, -2.0, 1.0, 1.0, 1.0, 1.0, 1.0, 1.0, 1.0, 1.0, 1.0, -2.0, 1.0, 1.0, 1.0, 1.0, 1.0, 1.0, 1.0, 1.0, -2.0, 1.0, -2.0, 1.0, -2.0, 1.0, 1.0, 1.0, 1.0, 1.0, 1.0, 1.0, 1.0, 1.0, 1.0, 1.0, 1.0, 1.0, 1.0, 1.0, 1.0, -2.0, 1.0, 1.0, 1.0, 1.0, 1.0, 1.0, 1.0, 1.0, 1.0, 1.0, 1.0, 1.0, 1.0, 1.0, 1.0, -2.0, 1.0, 1.0, 1.0, 1.0, 1.0, 1.0, 1.0, 1.0, 1.0, 1.0, -2.0, 1.0, 1.0, 1.0, 1.0, 1.0, 1.0, 1.0, 1.0, 1.0, 1.0, 1.0, 1.0, 1.0, 1.0, 1.0, -2.0, 1.0, 1.0, -2.0, -2.0, 1.0, 1.0, 1.0, 1.0, 1.0, 1.0, 1.0, 1.0, 1.0, 1.0, 1.0], "episode_types": ["t", "t", "t", "t", "t", "t", "t", "t", "t", "t", "t", "t", "t", "t", "t", "t", "t", "t", "t", "t", "t", "t", "t", "t", "t", "t", "t", "t", "t", "t", "t", "t", "t", "t", "t", "t", "t", "t", "t", "t", "t", "t", "t", "t", "t", "t", "t", "t", "t", "t", "t", "t", "t", "t", "t", "t", "t", "t", "t", "t", "t", "t", "t", "t", "t", "t", "t", "t", "t", "t", "t", "t", "t", "t", "t", "t", "t", "t", "t", "t", "t", "t", "t", "t", "t", "t", "t", "t", "t", "t", "t", "t", "t", "t", "t", "t", "t", "t", "t", "t", "t"]}