{"initial_reset_timestamp": 1744398050.341959, "timestamps": [1744398050.3492095, 1744398050.380204, 1744398050.3837478, 1744398050.4108489, 1744398050.4181705, 1744398050.4278948, 1744398050.4478617, 1744398050.470191, 1744398050.4829793, 1744398050.4962204, 1744398050.5006673, 1744398050.5076036, 1744398050.5182126, 1744398050.5285583, 1744398050.5417302, 1744398050.5555303, 1744398050.5700905, 1744398050.5765452, 1744398050.5861633, 1744398050.589009, 1744398050.5924964, 1744398050.6050873, 1744398050.6146274, 1744398050.620357, 1744398050.6303964, 1744398050.6377656, 1744398050.6470814, 1744398050.6537695, 1744398050.6610928, 1744398050.6712353, 1744398050.6786606, 1744398050.694865, 1744398050.6984544, 1744398050.7018797, 1744398050.7119684, 1744398050.7244136, 1744398050.7373757, 1744398050.7465615, 1744398050.7496696, 1744398050.7531087, 1744398050.7571294, 1744398050.7640834, 1744398050.7827885, 1744398050.7955785, 1744398050.7991965, 1744398050.8026862, 1744398050.812286, 1744398050.8158536, 1744398050.8254528, 1744398050.8289807, 1744398050.832559, 1744398050.846467, 1744398050.8531177, 1744398050.86289, 1744398050.866598, 1744398050.8735423, 1744398050.8840728, 1744398050.8997421, 1744398050.9062908, 1744398050.9131749, 1744398050.9173114, 1744398050.9241252, 1744398050.94715, 1744398050.9657886, 1744398051.0049138, 1744398051.011764, 1744398051.0245807, 1744398051.0561807, 1744398051.069734, 1744398051.073182, 1744398051.0769446, 1744398051.0867093, 1744398051.0905223, 1744398051.1015213, 1744398051.108167, 1744398051.1178074, 1744398051.130244, 1744398051.1436253, 1744398051.1641598, 1744398051.181313, 1744398051.1851063, 1744398051.1937284, 1744398051.2008264, 1744398051.210359, 1744398051.2204306, 1744398051.239476, 1744398051.2598817, 1744398051.267061, 1744398051.2750075, 1744398051.2858083, 1744398051.298982, 1744398051.3102238, 1744398051.3275592, 1744398051.3393128, 1744398051.3425434, 1744398051.3579109, 1744398051.3662283, 1744398051.370215, 1744398051.3908522, 1744398051.4023938], "episode_lengths": [1, 5, 1, 7, 2, 3, 4, 5, 4, 4, 1, 1, 3, 3, 4, 4, 3, 2, 3, 1, 1, 2, 3, 2, 3, 2, 1, 2, 2, 2, 2, 4, 1, 1, 3, 4, 3, 3, 1, 1, 1, 1, 5, 4, 1, 1, 2, 1, 3, 1, 1, 3, 2, 3, 1, 1, 2, 5, 2, 2, 1, 1, 5, 5, 12, 2, 3, 8, 4, 1, 1, 1, 1, 3, 2, 3, 2, 4, 4, 5, 1, 1, 2, 3, 3, 6, 5, 2, 1, 3, 4, 2, 5, 3, 1, 4, 1, 1, 4, 3], "episode_rewards": [-1.0, -1.0, -1.0, 1.0, -1.0, -1.0, 0.5, 3.333333333333333, -1.0, -1.0, -1.0, -1.0, -1.0, 4.0, -1.0, -1.0, -1.0, -1.0, 1.0, -1.0, -1.0, -1.0, -1.0, -1.0, -1.0, -1.0, -1.0, 1.0, -1.0, -1.0, -1.0, -1.0, -1.0, -1.0, -1.0, -1.0, -1.0, 4.0, -1.0, -1.0, -1.0, -1.0, 3.5, -1.0, -1.0, -1.0, 1.0, -1.0, 1.0, -1.0, -1.0, -1.0, -1.0, 1.0, -1.0, -1.0, -1.0, -1.0, -1.0, -1.0, -1.0, -1.0, -1.0, 0.33333333333333326, 3.111111111111111, 1.0, -1.0, 3.166666666666667, -1.0, -1.0, -1.0, -1.0, -1.0, -1.0, -1.0, 1.0, -1.0, -1.0, 1.0, -1.0, -1.0, -1.0, -1.0, -1.0, -1.0, 3.0, 1.0, -1.0, -1.0, 1.0, -1.0, -1.0, -1.0, 4.0, -1.0, -1.0, -1.0, -1.0, 1.0, -1.0], "episode_rewards_2": [1.0, 1.0, 1.0, 1.0, 1.0, 1.0, 1.0, -2.0, 1.0, 1.0, 1.0, 1.0, 1.0, -2.0, 1.0, 1.0, 1.0, 1.0, 1.0, 1.0, 1.0, 1.0, 1.0, 1.0, 1.0, 1.0, 1.0, 1.0, 1.0, 1.0, 1.0, 1.0, 1.0, 1.0, 1.0, 1.0, 1.0, -2.0, 1.0, 1.0, 1.0, 1.0, -2.0, 1.0, 1.0, 1.0, 1.0, 1.0, 1.0, 1.0, 1.0, 1.0, 1.0, 1.0, 1.0, 1.0, 1.0, 1.0, 1.0, 1.0, 1.0, 1.0, 1.0, 1.0, -2.0, 1.0, 1.0, -2.0, 1.0, 1.0, 1.0, 1.0, 1.0, 1.0, 1.0, 1.0, 1.0, 1.0, 1.0, 1.0, 1.0, 1.0, 1.0, 1.0, 1.0, -2.0, 1.0, 1.0, 1.0, 1.0, 1.0, 1.0, 1.0, -2.0, 1.0, 1.0, 1.0, 1.0, 1.0, 1.0], "episode_types": ["t", "t", "t", "t", "t", "t", "t", "t", "t", "t", "t", "t", "t", "t", "t", "t", "t", "t", "t", "t", "t", "t", "t", "t", "t", "t", "t", "t", "t", "t", "t", "t", "t", "t", "t", "t", "t", "t", "t", "t", "t", "t", "t", "t", "t", "t", "t", "t", "t", "t", "t", "t", "t", "t", "t", "t", "t", "t", "t", "t", "t", "t", "t", "t", "t", "t", "t", "t", "t", "t", "t", "t", "t", "t", "t", "t", "t", "t", "t", "t", "t", "t", "t", "t", "t", "t", "t", "t", "t", "t", "t", "t", "t", "t", "t", "t", "t", "t", "t", "t", "t"]}