{"initial_reset_timestamp": 1744398173.9441807, "timestamps": [1744398173.9577847, 1744398173.9700384, 1744398173.981344, 1744398174.0086694, 1744398174.012845, 1744398174.0237656, 1744398174.035936, 1744398174.0418236, 1744398174.070456, 1744398174.074655, 1744398174.07882, 1744398174.0981982, 1744398174.1094809, 1744398174.1556342, 1744398174.1659894, 1744398174.1713266, 1744398174.184497, 1744398174.1983275, 1744398174.209832, 1744398174.217291, 1744398174.2215343, 1744398174.2329705, 1744398174.2442322, 1744398174.2484663, 1744398174.2525, 1744398174.2604365, 1744398174.2787364, 1744398174.286446, 1744398174.294829, 1744398174.3021665, 1744398174.3250349, 1744398174.3390546, 1744398174.3477428, 1744398174.3695016, 1744398174.3737872, 1744398174.3851914, 1744398174.4004533, 1744398174.408069, 1744398174.435961, 1744398174.4449034, 1744398174.4555042, 1744398174.4650898, 1744398174.4839644, 1744398174.4883034, 1744398174.5066226, 1744398174.5141635, 1744398174.5255866, 1744398174.5377445, 1744398174.5420597, 1744398174.555985, 1744398174.5640273, 1744398174.5834348, 1744398174.5920205, 1744398174.6002352, 1744398174.6111956, 1744398174.6300142, 1744398174.6427517, 1744398174.6603901, 1744398174.6722276, 1744398174.6882184, 1744398174.696314, 1744398174.7047005, 1744398174.712865, 1744398174.7282515, 1744398174.7516117, 1744398174.770033, 1744398174.7895162, 1744398174.7937841, 1744398174.797928, 1744398174.8021166, 1744398174.8105867, 1744398174.8284285, 1744398174.836672, 1744398174.848029, 1744398174.8523262, 1744398174.867565, 1744398174.8867164, 1744398174.8981037, 1744398174.9049819, 1744398174.921387, 1744398174.9301188, 1744398174.9536784, 1744398174.990577, 1744398174.9992402, 1744398175.007036, 1744398175.018867, 1744398175.0283208, 1744398175.0368702, 1744398175.0526924, 1744398175.0575907, 1744398175.064849, 1744398175.0772228, 1744398175.1029456, 1744398175.1251273, 1744398175.1325407, 1744398175.1369574, 1744398175.148288, 1744398175.1562107, 1744398175.1724613, 1744398175.1906145], "episode_lengths": [3, 1, 3, 7, 1, 3, 2, 1, 6, 1, 1, 4, 3, 12, 2, 1, 1, 3, 3, 2, 1, 2, 3, 1, 1, 2, 4, 1, 2, 2, 6, 3, 2, 6, 1, 3, 2, 2, 6, 2, 3, 1, 5, 1, 5, 1, 2, 3, 1, 4, 2, 4, 2, 2, 2, 4, 2, 4, 3, 4, 2, 1, 2, 4, 5, 5, 4, 1, 1, 1, 2, 3, 2, 2, 1, 4, 4, 3, 2, 4, 2, 4, 9, 2, 2, 3, 1, 2, 4, 1, 2, 1, 7, 6, 2, 1, 2, 2, 3, 4], "episode_rewards": [-1.0, -1.0, -1.0, 0.25, -1.0, -1.0, -1.0, -1.0, -1.0, -1.0, -1.0, 3.5, 4.0, 0.25, -1.0, -1.0, -1.0, -1.0, -1.0, -1.0, -1.0, -1.0, -1.0, -1.0, -1.0, -1.0, -1.0, -1.0, -1.0, -1.0, -1.0, -1.0, -1.0, 1.0, -1.0, -1.0, -1.0, -1.0, 3.25, -1.0, -1.0, -1.0, 1.0, -1.0, 3.333333333333333, -1.0, -1.0, -1.0, -1.0, -1.0, -1.0, 1.0, -1.0, -1.0, 1.0, 1.0, -1.0, -1.0, -1.0, 3.5, -1.0, -1.0, 1.0, -1.0, 3.5, -1.0, -1.0, -1.0, -1.0, -1.0, -1.0, -1.0, -1.0, -1.0, -1.0, -1.0, -1.0, -1.0, -1.0, 1.0, -1.0, 1.0, 2.583333333333333, -1.0, -1.0, -1.0, -1.0, -1.0, -1.0, -1.0, -1.0, -1.0, 1.0, 0.5, -1.0, -1.0, -1.0, -1.0, -1.0, -1.0], "episode_rewards_2": [1.0, 1.0, 1.0, 1.0, 1.0, 1.0, 1.0, 1.0, 1.0, 1.0, 1.0, -2.0, -2.0, 1.0, 1.0, 1.0, 1.0, 1.0, 1.0, 1.0, 1.0, 1.0, 1.0, 1.0, 1.0, 1.0, 1.0, 1.0, 1.0, 1.0, 1.0, 1.0, 1.0, 1.0, 1.0, 1.0, 1.0, 1.0, -2.0, 1.0, 1.0, 1.0, 1.0, 1.0, -2.0, 1.0, 1.0, 1.0, 1.0, 1.0, 1.0, 1.0, 1.0, 1.0, 1.0, 1.0, 1.0, 1.0, 1.0, -2.0, 1.0, 1.0, 1.0, 1.0, -2.0, 1.0, 1.0, 1.0, 1.0, 1.0, 1.0, 1.0, 1.0, 1.0, 1.0, 1.0, 1.0, 1.0, 1.0, 1.0, 1.0, 1.0, -2.0, 1.0, 1.0, 1.0, 1.0, 1.0, 1.0, 1.0, 1.0, 1.0, 1.0, 1.0, 1.0, 1.0, 1.0, 1.0, 1.0, 1.0], "episode_types": ["t", "t", "t", "t", "t", "t", "t", "t", "t", "t", "t", "t", "t", "t", "t", "t", "t", "t", "t", "t", "t", "t", "t", "t", "t", "t", "t", "t", "t", "t", "t", "t", "t", "t", "t", "t", "t", "t", "t", "t", "t", "t", "t", "t", "t", "t", "t", "t", "t", "t", "t", "t", "t", "t", "t", "t", "t", "t", "t", "t", "t", "t", "t", "t", "t", "t", "t", "t", "t", "t", "t", "t", "t", "t", "t", "t", "t", "t", "t", "t", "t", "t", "t", "t", "t", "t", "t", "t", "t", "t", "t", "t", "t", "t", "t", "t", "t", "t", "t", "t", "t"]}