{"initial_reset_timestamp": 1744398161.6550775, "timestamps": [1744398161.6694288, 1744398161.7015452, 1744398161.7087328, 1744398161.716636, 1744398161.7241285, 1744398161.731338, 1744398161.7432997, 1744398161.751727, 1744398161.7729275, 1744398161.7805943, 1744398161.7884865, 1744398161.8037431, 1744398161.811749, 1744398161.8292284, 1744398161.8362463, 1744398161.8404696, 1744398161.8521678, 1744398161.8632028, 1744398161.8782992, 1744398161.8897016, 1744398161.8971143, 1744398161.918876, 1744398161.9230013, 1744398161.9272096, 1744398161.936911, 1744398161.9718907, 1744398161.986805, 1744398162.002677, 1744398162.010369, 1744398162.0142426, 1744398162.0218363, 1744398162.0435593, 1744398162.061723, 1744398162.0696337, 1744398162.0737824, 1744398162.0911534, 1744398162.1304233, 1744398162.1449945, 1744398162.1567228, 1744398162.1653337, 1744398162.183584, 1744398162.1924515, 1744398162.207301, 1744398162.2118735, 1744398162.2159545, 1744398162.2236137, 1744398162.2384953, 1744398162.2504466, 1744398162.2622836, 1744398162.2657175, 1744398162.2733564, 1744398162.2853189, 1744398162.3193712, 1744398162.3388839, 1744398162.3479462, 1744398162.3529117, 1744398162.3661466, 1744398162.377495, 1744398162.396369, 1744398162.4005127, 1744398162.405301, 1744398162.4202266, 1744398162.4443023, 1744398162.465563, 1744398162.4761581, 1744398162.4802911, 1744398162.4916925, 1744398162.5074816, 1744398162.5260737, 1744398162.543251, 1744398162.5514216, 1744398162.573034, 1744398162.5969868, 1744398162.604442, 1744398162.6092894, 1744398162.643493, 1744398162.660875, 1744398162.668336, 1744398162.687018, 1744398162.700807, 1744398162.7083611, 1744398162.715272, 1744398162.7297912, 1744398162.7331882, 1744398162.7509975, 1744398162.762268, 1744398162.7760713, 1744398162.7801828, 1744398162.7875078, 1744398162.8008611, 1744398162.8049822, 1744398162.8187938, 1744398162.8302722, 1744398162.8467598, 1744398162.8872225, 1744398162.8919327, 1744398162.9210792, 1744398162.9338531, 1744398162.951474, 1744398162.9586117], "episode_lengths": [3, 6, 2, 2, 2, 1, 2, 2, 5, 2, 2, 3, 2, 5, 2, 1, 2, 2, 4, 3, 2, 5, 1, 1, 2, 10, 1, 4, 2, 1, 2, 5, 5, 2, 1, 5, 9, 4, 3, 2, 4, 1, 4, 1, 1, 1, 2, 3, 3, 1, 2, 2, 9, 3, 2, 1, 2, 3, 5, 1, 1, 3, 5, 6, 3, 1, 1, 4, 5, 5, 2, 4, 5, 2, 1, 6, 3, 2, 5, 3, 2, 1, 4, 1, 5, 3, 3, 1, 2, 3, 1, 3, 3, 4, 11, 1, 7, 3, 4, 2], "episode_rewards": [-1.0, -1.0, -1.0, -1.0, -1.0, -1.0, -1.0, -1.0, -1.0, -1.0, 4.0, -1.0, -1.0, 1.0, -1.0, -1.0, -1.0, -1.0, -1.0, -1.0, -1.0, 3.333333333333333, -1.0, -1.0, -1.0, 1.0, -1.0, -1.0, -1.0, -1.0, -1.0, 0.5, -1.0, -1.0, -1.0, -1.0, 3.142857142857143, 1.0, -1.0, -1.0, -1.0, -1.0, -1.0, -1.0, -1.0, -1.0, -1.0, -1.0, 1.0, -1.0, -1.0, -1.0, 3.142857142857143, 1.0, -1.0, -1.0, -1.0, -1.0, -1.0, -1.0, -1.0, -1.0, -1.0, 3.25, -1.0, -1.0, -1.0, -1.0, -1.0, -1.0, -1.0, -1.0, 0.5, -1.0, -1.0, 3.25, -1.0, -1.0, -1.0, 4.0, -1.0, -1.0, -1.0, -1.0, 1.0, -1.0, -1.0, -1.0, -1.0, 1.0, -1.0, -1.0, -1.0, 3.5, 2.45, -1.0, 0.33333333333333326, 4.0, 1.0, -1.0], "episode_rewards_2": [1.0, 1.0, 1.0, 1.0, 1.0, 1.0, 1.0, 1.0, 1.0, 1.0, -2.0, 1.0, 1.0, 1.0, 1.0, 1.0, 1.0, 1.0, 1.0, 1.0, 1.0, -2.0, 1.0, 1.0, 1.0, 1.0, 1.0, 1.0, 1.0, 1.0, 1.0, 1.0, 1.0, 1.0, 1.0, 1.0, -2.0, 1.0, 1.0, 1.0, 1.0, 1.0, 1.0, 1.0, 1.0, 1.0, 1.0, 1.0, 1.0, 1.0, 1.0, 1.0, -2.0, 1.0, 1.0, 1.0, 1.0, 1.0, 1.0, 1.0, 1.0, 1.0, 1.0, -2.0, 1.0, 1.0, 1.0, 1.0, 1.0, 1.0, 1.0, 1.0, 1.0, 1.0, 1.0, -2.0, 1.0, 1.0, 1.0, -2.0, 1.0, 1.0, 1.0, 1.0, 1.0, 1.0, 1.0, 1.0, 1.0, 1.0, 1.0, 1.0, 1.0, -2.0, -2.0, 1.0, 1.0, -2.0, 1.0, 1.0], "episode_types": ["t", "t", "t", "t", "t", "t", "t", "t", "t", "t", "t", "t", "t", "t", "t", "t", "t", "t", "t", "t", "t", "t", "t", "t", "t", "t", "t", "t", "t", "t", "t", "t", "t", "t", "t", "t", "t", "t", "t", "t", "t", "t", "t", "t", "t", "t", "t", "t", "t", "t", "t", "t", "t", "t", "t", "t", "t", "t", "t", "t", "t", "t", "t", "t", "t", "t", "t", "t", "t", "t", "t", "t", "t", "t", "t", "t", "t", "t", "t", "t", "t", "t", "t", "t", "t", "t", "t", "t", "t", "t", "t", "t", "t", "t", "t", "t", "t", "t", "t", "t", "t"]}