{"initial_reset_timestamp": 1744400880.7248116, "timestamps": [1744400880.7306569, 1744400880.743782, 1744400880.746562, 1744400880.748824, 1744400880.7503185, 1744400880.7540143, 1744400880.7650225, 1744400880.777094, 1744400880.7856, 1744400880.78732, 1744400880.790274, 1744400880.8063788, 1744400880.8121386, 1744400880.8157012, 1744400880.8193355, 1744400880.8442023, 1744400880.8594663, 1744400880.8648117, 1744400880.8813336, 1744400880.882787, 1744400880.8920174, 1744400880.9113398, 1744400880.9170682, 1744400880.928256, 1744400880.9363184, 1744400880.9388888, 1744400880.9644816, 1744400880.968517, 1744400880.9703836, 1744400880.9837983, 1744400880.9887605, 1744400880.9963155, 1744400880.9986608, 1744400881.0107868, 1744400881.0209033, 1744400881.0226362, 1744400881.0369875, 1744400881.045418, 1744400881.047041, 1744400881.0513792, 1744400881.0533352, 1744400881.0641515, 1744400881.0698829, 1744400881.0727966, 1744400881.082854, 1744400881.084357, 1744400881.0984948, 1744400881.1012762, 1744400881.1061828, 1744400881.1116583, 1744400881.115864, 1744400881.1288757, 1744400881.1445472, 1744400881.1505103, 1744400881.1519728, 1744400881.1656609, 1744400881.1786022, 1744400881.2000005, 1744400881.2128084, 1744400881.21743, 1744400881.2209759, 1744400881.2357676, 1744400881.2440042, 1744400881.2457747, 1744400881.25323, 1744400881.2549653, 1744400881.2625136, 1744400881.2765114, 1744400881.2803562, 1744400881.2894785, 1744400881.3017159, 1744400881.3106925, 1744400881.3158472, 1744400881.3271682, 1744400881.3309338, 1744400881.3341923, 1744400881.3462594, 1744400881.3512042, 1744400881.361517, 1744400881.3733861, 1744400881.3880255, 1744400881.3993814, 1744400881.4010348, 1744400881.410334, 1744400881.4286237, 1744400881.4362404, 1744400881.460835, 1744400881.4644966, 1744400881.4766767, 1744400881.4831796, 1744400881.489195, 1744400881.5062308, 1744400881.508872, 1744400881.5174608, 1744400881.5264862, 1744400881.527882, 1744400881.5437443, 1744400881.5474248, 1744400881.554424, 1744400881.5621173], "episode_lengths": [2, 2, 1, 1, 1, 3, 4, 11, 7, 1, 1, 6, 5, 3, 3, 8, 2, 4, 12, 1, 6, 8, 4, 8, 5, 2, 12, 3, 1, 6, 4, 1, 1, 10, 9, 1, 7, 6, 1, 3, 1, 3, 5, 2, 3, 1, 5, 2, 4, 4, 3, 5, 10, 4, 1, 9, 3, 10, 11, 4, 3, 4, 6, 1, 6, 1, 1, 8, 3, 7, 5, 2, 4, 9, 3, 2, 3, 4, 8, 9, 12, 3, 1, 2, 14, 6, 14, 3, 9, 5, 4, 7, 2, 7, 8, 1, 3, 3, 6, 7], "episode_rewards": [-1.0, -1.0, -1.0, -1.0, -1.0, -1.0, 4.0, 2.5, -1.0, -1.0, -1.0, 0.33333333333333326, -1.0, -1.0, -1.0, 0.19999999999999996, -1.0, -1.0, 0.16666666666666674, -1.0, 1.0, 0.33333333333333326, 1.0, -1.0, 3.5, -1.0, 2.416666666666667, -1.0, -1.0, -1.0, -1.0, -1.0, -1.0, 0.125, 0.33333333333333326, -1.0, -1.0, 0.5, -1.0, 1.0, -1.0, -1.0, 1.0, -1.0, -1.0, -1.0, 1.0, -1.0, 0.5, 3.5, -1.0, 0.33333333333333326, 0.16666666666666674, -1.0, -1.0, 2.583333333333333, -1.0, 0.33333333333333326, 0.19999999999999996, -1.0, -1.0, 4.0, 0.33333333333333326, -1.0, 0.25, -1.0, -1.0, 0.19999999999999996, -1.0, 3.25, -1.0, -1.0, 1.0, 3.166666666666667, -1.0, -1.0, -1.0, -1.0, -1.0, 2.583333333333333, 0.16666666666666674, 4.0, -1.0, -1.0, 2.4444444444444446, -1.0, 0.33333333333333326, -1.0, 0.1428571428571428, 1.0, 3.5, 2.833333333333333, -1.0, -1.0, 2.75, -1.0, -1.0, 1.0, -1.0, 0.33333333333333326], "episode_rewards_2": [1.0, 1.0, 1.0, 1.0, 1.0, 1.0, -2.0, -2.0, 1.0, 1.0, 1.0, 1.0, 1.0, 1.0, 1.0, 1.0, 1.0, 1.0, 1.0, 1.0, 1.0, 1.0, 1.0, 1.0, -2.0, 1.0, -2.0, 1.0, 1.0, 1.0, 1.0, 1.0, 1.0, 1.0, 1.0, 1.0, 1.0, 1.0, 1.0, 1.0, 1.0, 1.0, 1.0, 1.0, 1.0, 1.0, 1.0, 1.0, 1.0, -2.0, 1.0, 1.0, 1.0, 1.0, 1.0, -2.0, 1.0, 1.0, 1.0, 1.0, 1.0, -2.0, 1.0, 1.0, 1.0, 1.0, 1.0, 1.0, 1.0, -2.0, 1.0, 1.0, 1.0, -2.0, 1.0, 1.0, 1.0, 1.0, 1.0, -2.0, 1.0, -2.0, 1.0, 1.0, -2.0, 1.0, 1.0, 1.0, 1.0, 1.0, -2.0, -2.0, 1.0, 1.0, -2.0, 1.0, 1.0, 1.0, 1.0, 1.0], "episode_types": ["t", "t", "t", "t", "t", "t", "t", "t", "t", "t", "t", "t", "t", "t", "t", "t", "t", "t", "t", "t", "t", "t", "t", "t", "t", "t", "t", "t", "t", "t", "t", "t", "t", "t", "t", "t", "t", "t", "t", "t", "t", "t", "t", "t", "t", "t", "t", "t", "t", "t", "t", "t", "t", "t", "t", "t", "t", "t", "t", "t", "t", "t", "t", "t", "t", "t", "t", "t", "t", "t", "t", "t", "t", "t", "t", "t", "t", "t", "t", "t", "t", "t", "t", "t", "t", "t", "t", "t", "t", "t", "t", "t", "t", "t", "t", "t", "t", "t", "t", "t", "t"]}