{"initial_reset_timestamp": 1744397983.4490128, "timestamps": [1744397983.45602, 1744397983.466526, 1744397983.4756482, 1744397983.4845293, 1744397983.4930642, 1744397983.5012589, 1744397983.512401, 1744397983.516274, 1744397983.5237815, 1744397983.5301788, 1744397983.534758, 1744397983.5408082, 1744397983.5493774, 1744397983.5553324, 1744397983.5665026, 1744397983.577881, 1744397983.5857892, 1744397983.5924883, 1744397983.5957665, 1744397983.5991375, 1744397983.6085615, 1744397983.6184697, 1744397983.6282585, 1744397983.6355138, 1744397983.6375706, 1744397983.6497736, 1744397983.6653624, 1744397983.6757538, 1744397983.6789937, 1744397983.6947675, 1744397983.6978874, 1744397983.7071571, 1744397983.713326, 1744397983.7198496, 1744397983.7323234, 1744397983.7358172, 1744397983.742638, 1744397983.748664, 1744397983.7547789, 1744397983.768528, 1744397983.7831802, 1744397983.7979949, 1744397983.803419, 1744397983.8105104, 1744397983.8156757, 1744397983.8175063, 1744397983.8263514, 1744397983.834801, 1744397983.8579144, 1744397983.8790033, 1744397983.8852823, 1744397983.9080791, 1744397983.924348, 1744397983.9352572, 1744397983.9440248, 1744397983.9459238, 1744397983.953634, 1744397983.9688714, 1744397983.9748383, 1744397983.987378, 1744397983.9915662, 1744397984.0042667, 1744397984.0195532, 1744397984.031179, 1744397984.0344698, 1744397984.040958, 1744397984.0580575, 1744397984.060828, 1744397984.0675817, 1744397984.0792868, 1744397984.0826752, 1744397984.0898635, 1744397984.097292, 1744397984.1111403, 1744397984.1189084, 1744397984.1332417, 1744397984.1669977, 1744397984.170017, 1744397984.1763663, 1744397984.1795437, 1744397984.1837015, 1744397984.1969354, 1744397984.2059445, 1744397984.2166371, 1744397984.2358646, 1744397984.2377405, 1744397984.248971, 1744397984.2567954, 1744397984.2690914, 1744397984.2728217, 1744397984.2864077, 1744397984.298566, 1744397984.3079052, 1744397984.3097105, 1744397984.3155673, 1744397984.3173223, 1744397984.3293424, 1744397984.3385134, 1744397984.3430367, 1744397984.3448703], "episode_lengths": [2, 1, 3, 3, 3, 4, 2, 1, 5, 4, 3, 1, 3, 1, 3, 4, 1, 2, 1, 1, 3, 2, 2, 3, 1, 6, 2, 3, 1, 5, 1, 1, 2, 2, 6, 2, 1, 2, 2, 3, 6, 3, 3, 4, 3, 1, 1, 3, 11, 13, 4, 5, 3, 5, 4, 1, 1, 6, 4, 8, 2, 3, 8, 2, 1, 3, 5, 1, 4, 8, 2, 1, 2, 4, 4, 8, 8, 1, 4, 2, 2, 2, 3, 3, 8, 1, 2, 1, 4, 1, 5, 2, 5, 1, 4, 1, 3, 3, 2, 1], "episode_rewards": [-1.0, -1.0, 1.0, -1.0, -1.0, -1.0, -1.0, -1.0, 0.33333333333333326, -1.0, 1.0, -1.0, 4.0, -1.0, -1.0, -1.0, -1.0, -1.0, -1.0, -1.0, -1.0, -1.0, -1.0, -1.0, -1.0, 1.0, -1.0, -1.0, -1.0, 3.5, -1.0, -1.0, -1.0, -1.0, 0.33333333333333326, 1.0, -1.0, -1.0, -1.0, -1.0, 0.33333333333333326, -1.0, 1.0, -1.0, -1.0, -1.0, -1.0, -1.0, 2.45, 2.458333333333333, 1.0, -1.0, -1.0, -1.0, 0.5, -1.0, -1.0, -1.0, -1.0, 1.0, -1.0, -1.0, 0.33333333333333326, -1.0, -1.0, -1.0, 1.0, -1.0, -1.0, 3.2, -1.0, -1.0, -1.0, 4.0, -1.0, 1.0, 0.16666666666666674, -1.0, -1.0, -1.0, 4.0, -1.0, -1.0, -1.0, 2.75, -1.0, -1.0, -1.0, -1.0, -1.0, -1.0, -1.0, -1.0, -1.0, 1.0, -1.0, 1.0, 1.0, -1.0, -1.0], "episode_rewards_2": [1.0, 1.0, 1.0, 1.0, 1.0, 1.0, 1.0, 1.0, 1.0, 1.0, 1.0, 1.0, -2.0, 1.0, 1.0, 1.0, 1.0, 1.0, 1.0, 1.0, 1.0, 1.0, 1.0, 1.0, 1.0, 1.0, 1.0, 1.0, 1.0, -2.0, 1.0, 1.0, 1.0, 1.0, 1.0, 1.0, 1.0, 1.0, 1.0, 1.0, 1.0, 1.0, 1.0, 1.0, 1.0, 1.0, 1.0, 1.0, -2.0, -2.0, 1.0, 1.0, 1.0, 1.0, 1.0, 1.0, 1.0, 1.0, 1.0, 1.0, 1.0, 1.0, 1.0, 1.0, 1.0, 1.0, 1.0, 1.0, 1.0, -2.0, 1.0, 1.0, 1.0, -2.0, 1.0, 1.0, 1.0, 1.0, 1.0, 1.0, -2.0, 1.0, 1.0, 1.0, -2.0, 1.0, 1.0, 1.0, 1.0, 1.0, 1.0, 1.0, 1.0, 1.0, 1.0, 1.0, 1.0, 1.0, 1.0, 1.0], "episode_types": ["t", "t", "t", "t", "t", "t", "t", "t", "t", "t", "t", "t", "t", "t", "t", "t", "t", "t", "t", "t", "t", "t", "t", "t", "t", "t", "t", "t", "t", "t", "t", "t", "t", "t", "t", "t", "t", "t", "t", "t", "t", "t", "t", "t", "t", "t", "t", "t", "t", "t", "t", "t", "t", "t", "t", "t", "t", "t", "t", "t", "t", "t", "t", "t", "t", "t", "t", "t", "t", "t", "t", "t", "t", "t", "t", "t", "t", "t", "t", "t", "t", "t", "t", "t", "t", "t", "t", "t", "t", "t", "t", "t", "t", "t", "t", "t", "t", "t", "t", "t", "t"]}