{"initial_reset_timestamp": 1744398022.0420365, "timestamps": [1744398022.0534372, 1744398022.0625901, 1744398022.0691617, 1744398022.087266, 1744398022.1022646, 1744398022.1093085, 1744398022.1172493, 1744398022.147133, 1744398022.1632018, 1744398022.187264, 1744398022.2022371, 1744398022.2115695, 1744398022.2156372, 1744398022.2220864, 1744398022.231487, 1744398022.2378004, 1744398022.262681, 1744398022.2914839, 1744398022.2953875, 1744398022.3009777, 1744398022.3091996, 1744398022.3248734, 1744398022.3384888, 1744398022.3488393, 1744398022.3630702, 1744398022.383729, 1744398022.392524, 1744398022.40867, 1744398022.4183037, 1744398022.4318662, 1744398022.4353695, 1744398022.444324, 1744398022.4567442, 1744398022.470983, 1744398022.4774146, 1744398022.4840949, 1744398022.493507, 1744398022.5052643, 1744398022.5179305, 1744398022.529625, 1744398022.551243, 1744398022.5930855, 1744398022.6037157, 1744398022.6107233, 1744398022.6282303, 1744398022.6370258, 1744398022.6454263, 1744398022.6576636, 1744398022.6858282, 1744398022.6998136, 1744398022.7062423, 1744398022.715087, 1744398022.7271187, 1744398022.7302246, 1744398022.7365396, 1744398022.7398994, 1744398022.7472267, 1744398022.750828, 1744398022.7759738, 1744398022.7961311, 1744398022.8052325, 1744398022.8248513, 1744398022.834028, 1744398022.849041, 1744398022.8641865, 1744398022.8796046, 1744398022.893691, 1744398022.9070096, 1744398022.9214468, 1744398022.9296482, 1744398022.945688, 1744398022.9596405, 1744398022.9634326, 1744398022.9670188, 1744398022.986556, 1744398022.9885821, 1744398023.005108, 1744398023.0220373, 1744398023.0271688, 1744398023.030542, 1744398023.0499508, 1744398023.079898, 1744398023.0841098, 1744398023.08843, 1744398023.0935519, 1744398023.102591, 1744398023.1163034, 1744398023.1228867, 1744398023.1266158, 1744398023.1373594, 1744398023.1467023, 1744398023.1587408, 1744398023.172514, 1744398023.1950004, 1744398023.2015002, 1744398023.2049172, 1744398023.2174172, 1744398023.2540035, 1744398023.2624788, 1744398023.274288], "episode_lengths": [3, 1, 2, 6, 3, 1, 1, 6, 2, 6, 3, 1, 1, 2, 3, 2, 3, 6, 1, 1, 2, 3, 4, 3, 2, 4, 1, 3, 2, 3, 1, 1, 3, 3, 1, 2, 1, 4, 2, 4, 5, 11, 2, 2, 6, 3, 1, 4, 9, 5, 1, 1, 3, 1, 2, 1, 1, 1, 8, 7, 3, 4, 3, 5, 5, 5, 3, 4, 5, 5, 3, 2, 1, 1, 7, 1, 4, 5, 3, 2, 5, 9, 2, 2, 3, 5, 2, 2, 1, 4, 1, 2, 3, 8, 4, 2, 3, 9, 3, 2], "episode_rewards": [-1.0, -1.0, -1.0, -1.0, -1.0, -1.0, -1.0, -1.0, 1.0, 0.33333333333333326, -1.0, -1.0, -1.0, 4.0, -1.0, -1.0, -1.0, 0.5, -1.0, -1.0, -1.0, 1.0, 1.0, -1.0, -1.0, -1.0, -1.0, -1.0, -1.0, -1.0, -1.0, -1.0, 1.0, -1.0, -1.0, 1.0, -1.0, 4.0, -1.0, 1.0, -1.0, 1.0, -1.0, -1.0, -1.0, 1.0, -1.0, -1.0, 0.25, 1.0, -1.0, -1.0, -1.0, -1.0, -1.0, -1.0, -1.0, -1.0, 3.2, 0.5, -1.0, -1.0, -1.0, -1.0, -1.0, 0.5, -1.0, 1.0, -1.0, -1.0, 4.0, -1.0, -1.0, -1.0, 1.0, -1.0, -1.0, -1.0, -1.0, 4.0, 3.333333333333333, 1.0, -1.0, -1.0, 1.0, -1.0, -1.0, 4.0, -1.0, -1.0, -1.0, -1.0, -1.0, 3.166666666666667, -1.0, -1.0, -1.0, 2.7, -1.0, 1.0], "episode_rewards_2": [1.0, 1.0, 1.0, 1.0, 1.0, 1.0, 1.0, 1.0, 1.0, 1.0, 1.0, 1.0, 1.0, -2.0, 1.0, 1.0, 1.0, 1.0, 1.0, 1.0, 1.0, 1.0, 1.0, 1.0, 1.0, 1.0, 1.0, 1.0, 1.0, 1.0, 1.0, 1.0, 1.0, 1.0, 1.0, 1.0, 1.0, -2.0, 1.0, 1.0, 1.0, 1.0, 1.0, 1.0, 1.0, 1.0, 1.0, 1.0, 1.0, 1.0, 1.0, 1.0, 1.0, 1.0, 1.0, 1.0, 1.0, 1.0, -2.0, 1.0, 1.0, 1.0, 1.0, 1.0, 1.0, 1.0, 1.0, 1.0, 1.0, 1.0, -2.0, 1.0, 1.0, 1.0, 1.0, 1.0, 1.0, 1.0, 1.0, -2.0, -2.0, 1.0, 1.0, 1.0, 1.0, 1.0, 1.0, -2.0, 1.0, 1.0, 1.0, 1.0, 1.0, -2.0, 1.0, 1.0, 1.0, -2.0, 1.0, 1.0], "episode_types": ["t", "t", "t", "t", "t", "t", "t", "t", "t", "t", "t", "t", "t", "t", "t", "t", "t", "t", "t", "t", "t", "t", "t", "t", "t", "t", "t", "t", "t", "t", "t", "t", "t", "t", "t", "t", "t", "t", "t", "t", "t", "t", "t", "t", "t", "t", "t", "t", "t", "t", "t", "t", "t", "t", "t", "t", "t", "t", "t", "t", "t", "t", "t", "t", "t", "t", "t", "t", "t", "t", "t", "t", "t", "t", "t", "t", "t", "t", "t", "t", "t", "t", "t", "t", "t", "t", "t", "t", "t", "t", "t", "t", "t", "t", "t", "t", "t", "t", "t", "t", "t"]}