{"initial_reset_timestamp": 1744398080.4750743, "timestamps": [1744398080.4833791, 1744398080.5040991, 1744398080.510694, 1744398080.5178921, 1744398080.5248132, 1744398080.5322325, 1744398080.5388896, 1744398080.5426269, 1744398080.5525773, 1744398080.556399, 1744398080.5602772, 1744398080.5665922, 1744398080.5796406, 1744398080.5893435, 1744398080.5965743, 1744398080.601041, 1744398080.653238, 1744398080.6673248, 1744398080.6744003, 1744398080.682431, 1744398080.689887, 1744398080.6968417, 1744398080.7096903, 1744398080.7273595, 1744398080.7347584, 1744398080.7418444, 1744398080.7539778, 1744398080.7578855, 1744398080.7678545, 1744398080.77497, 1744398080.7823286, 1744398080.799749, 1744398080.807266, 1744398080.8144982, 1744398080.8214636, 1744398080.8253255, 1744398080.8318827, 1744398080.8355808, 1744398080.8731217, 1744398080.880399, 1744398080.8953583, 1744398080.9028902, 1744398080.917856, 1744398080.9259627, 1744398080.933398, 1744398080.950156, 1744398080.9570348, 1744398080.9610348, 1744398080.9677727, 1744398080.9809575, 1744398080.9847522, 1744398080.9958599, 1744398081.0058055, 1744398081.0100951, 1744398081.0173523, 1744398081.025078, 1744398081.0424066, 1744398081.047203, 1744398081.0546997, 1744398081.0616715, 1744398081.0924287, 1744398081.1118553, 1744398081.1172419, 1744398081.1210082, 1744398081.1280096, 1744398081.1456954, 1744398081.1567438, 1744398081.1635187, 1744398081.18884, 1744398081.2247028, 1744398081.232351, 1744398081.2581244, 1744398081.275021, 1744398081.279569, 1744398081.2938018, 1744398081.3057032, 1744398081.341847, 1744398081.3493521, 1744398081.3655097, 1744398081.3885143, 1744398081.40336, 1744398081.4207985, 1744398081.4295027, 1744398081.4564598, 1744398081.4628534, 1744398081.4699566, 1744398081.4839838, 1744398081.4928417, 1744398081.5026398, 1744398081.5200942, 1744398081.534167, 1744398081.5477388, 1744398081.5552661, 1744398081.591857, 1744398081.5968359, 1744398081.6075451, 1744398081.6219165, 1744398081.6476831, 1744398081.6513534, 1744398081.6624591], "episode_lengths": [2, 4, 2, 2, 2, 2, 1, 1, 3, 1, 1, 1, 4, 2, 2, 1, 15, 4, 2, 2, 2, 1, 3, 5, 2, 1, 2, 1, 3, 2, 2, 4, 2, 2, 2, 1, 1, 1, 8, 1, 4, 1, 4, 2, 2, 4, 1, 1, 2, 3, 1, 2, 3, 1, 2, 2, 4, 1, 2, 2, 9, 3, 1, 1, 2, 4, 1, 1, 5, 10, 2, 3, 5, 1, 4, 3, 7, 2, 5, 7, 3, 3, 2, 8, 2, 2, 2, 2, 2, 5, 4, 3, 2, 11, 2, 5, 1, 8, 1, 3], "episode_rewards": [-1.0, 1.0, -1.0, -1.0, -1.0, -1.0, -1.0, -1.0, -1.0, -1.0, -1.0, -1.0, -1.0, -1.0, -1.0, -1.0, 2.361111111111111, 0.5, -1.0, -1.0, -1.0, -1.0, -1.0, 1.0, -1.0, -1.0, -1.0, -1.0, -1.0, -1.0, -1.0, -1.0, -1.0, -1.0, -1.0, -1.0, -1.0, -1.0, 1.0, -1.0, 4.0, -1.0, -1.0, -1.0, -1.0, -1.0, -1.0, -1.0, -1.0, -1.0, -1.0, -1.0, -1.0, -1.0, 1.0, -1.0, -1.0, -1.0, -1.0, -1.0, 2.583333333333333, -1.0, -1.0, -1.0, -1.0, -1.0, -1.0, -1.0, -1.0, 2.5, 1.0, -1.0, 3.333333333333333, -1.0, 4.0, -1.0, -1.0, -1.0, 3.333333333333333, 0.5, -1.0, -1.0, -1.0, 0.5, -1.0, -1.0, -1.0, -1.0, -1.0, 3.333333333333333, 1.0, 4.0, -1.0, 2.642857142857143, -1.0, -1.0, -1.0, 2.75, -1.0, -1.0], "episode_rewards_2": [1.0, 1.0, 1.0, 1.0, 1.0, 1.0, 1.0, 1.0, 1.0, 1.0, 1.0, 1.0, 1.0, 1.0, 1.0, 1.0, -2.0, 1.0, 1.0, 1.0, 1.0, 1.0, 1.0, 1.0, 1.0, 1.0, 1.0, 1.0, 1.0, 1.0, 1.0, 1.0, 1.0, 1.0, 1.0, 1.0, 1.0, 1.0, 1.0, 1.0, -2.0, 1.0, 1.0, 1.0, 1.0, 1.0, 1.0, 1.0, 1.0, 1.0, 1.0, 1.0, 1.0, 1.0, 1.0, 1.0, 1.0, 1.0, 1.0, 1.0, -2.0, 1.0, 1.0, 1.0, 1.0, 1.0, 1.0, 1.0, 1.0, -2.0, 1.0, 1.0, -2.0, 1.0, -2.0, 1.0, 1.0, 1.0, -2.0, 1.0, 1.0, 1.0, 1.0, 1.0, 1.0, 1.0, 1.0, 1.0, 1.0, -2.0, 1.0, -2.0, 1.0, -2.0, 1.0, 1.0, 1.0, -2.0, 1.0, 1.0], "episode_types": ["t", "t", "t", "t", "t", "t", "t", "t", "t", "t", "t", "t", "t", "t", "t", "t", "t", "t", "t", "t", "t", "t", "t", "t", "t", "t", "t", "t", "t", "t", "t", "t", "t", "t", "t", "t", "t", "t", "t", "t", "t", "t", "t", "t", "t", "t", "t", "t", "t", "t", "t", "t", "t", "t", "t", "t", "t", "t", "t", "t", "t", "t", "t", "t", "t", "t", "t", "t", "t", "t", "t", "t", "t", "t", "t", "t", "t", "t", "t", "t", "t", "t", "t", "t", "t", "t", "t", "t", "t", "t", "t", "t", "t", "t", "t", "t", "t", "t", "t", "t", "t"]}