{"initial_reset_timestamp": 1744398011.257138, "timestamps": [1744398011.2859352, 1744398011.3105605, 1744398011.3142195, 1744398011.3295555, 1744398011.3401632, 1744398011.3605533, 1744398011.382985, 1744398011.4000983, 1744398011.4128857, 1744398011.4355333, 1744398011.4606478, 1744398011.4941986, 1744398011.5128486, 1744398011.5244148, 1744398011.5352309, 1744398011.545982, 1744398011.5672448, 1744398011.5774395, 1744398011.5968227, 1744398011.613296, 1744398011.6169722, 1744398011.6280067, 1744398011.6417766, 1744398011.6506252, 1744398011.6628401, 1744398011.676085, 1744398011.7022111, 1744398011.7151551, 1744398011.7221365, 1744398011.735147, 1744398011.7535179, 1744398011.761215, 1744398011.7645867, 1744398011.7709272, 1744398011.7814791, 1744398011.8192108, 1744398011.8341904, 1744398011.8378484, 1744398011.8519053, 1744398011.855787, 1744398011.8709908, 1744398011.883203, 1744398011.8964932, 1744398011.9473352, 1744398011.96665, 1744398011.9700196, 1744398011.9896424, 1744398012.0087364, 1744398012.012082, 1744398012.029277, 1744398012.0358589, 1744398012.0630097, 1744398012.0812452, 1744398012.1011844, 1744398012.1206906, 1744398012.143156, 1744398012.156668, 1744398012.163993, 1744398012.181337, 1744398012.2038982, 1744398012.226221, 1744398012.2605314, 1744398012.298091, 1744398012.315568, 1744398012.331807, 1744398012.3683436, 1744398012.415064, 1744398012.4261518, 1744398012.4403207, 1744398012.4504328, 1744398012.460685, 1744398012.5082238, 1744398012.518548, 1744398012.5283906, 1744398012.5646505, 1744398012.5794165, 1744398012.6077402, 1744398012.623113, 1744398012.6323159, 1744398012.647021, 1744398012.6635983, 1744398012.6722238, 1744398012.6814451, 1744398012.706106, 1744398012.7506108, 1744398012.764844, 1744398012.8207464, 1744398012.8504858, 1744398012.8713233, 1744398012.885419, 1744398012.8977635, 1744398012.9112134, 1744398012.9267178, 1744398012.9388864, 1744398012.9862192, 1744398013.0060813, 1744398013.0326803, 1744398013.0374136, 1744398013.0469427, 1744398013.064797], "episode_lengths": [4, 1, 1, 4, 3, 4, 4, 3, 2, 3, 3, 3, 3, 2, 2, 2, 3, 1, 4, 1, 1, 2, 2, 2, 2, 4, 4, 2, 1, 3, 5, 1, 1, 1, 3, 7, 2, 1, 3, 1, 5, 1, 2, 11, 1, 1, 1, 3, 1, 4, 2, 2, 2, 2, 1, 2, 2, 1, 1, 3, 3, 4, 5, 2, 5, 3, 7, 1, 3, 3, 3, 4, 1, 1, 6, 2, 3, 1, 1, 2, 3, 1, 1, 4, 8, 4, 8, 5, 2, 2, 1, 1, 2, 1, 5, 3, 4, 1, 2, 4], "episode_rewards": [-1.0, -1.0, -1.0, -1.0, -1.0, -1.0, 1.0, -1.0, -1.0, -1.0, -1.0, 4.0, -1.0, -1.0, -1.0, -1.0, -1.0, -1.0, 1.0, -1.0, -1.0, -1.0, -1.0, -1.0, -1.0, 1.0, -1.0, 4.0, -1.0, -1.0, 1.0, -1.0, -1.0, -1.0, -1.0, 0.5, -1.0, -1.0, -1.0, -1.0, -1.0, -1.0, -1.0, 3.125, -1.0, -1.0, -1.0, -1.0, -1.0, 4.0, -1.0, -1.0, -1.0, 1.0, -1.0, -1.0, 1.0, -1.0, -1.0, -1.0, 4.0, -1.0, -1.0, -1.0, 3.5, -1.0, 1.0, -1.0, -1.0, -1.0, -1.0, -1.0, -1.0, -1.0, 1.0, -1.0, -1.0, -1.0, -1.0, -1.0, -1.0, -1.0, -1.0, -1.0, -1.0, 1.0, 3.166666666666667, -1.0, -1.0, -1.0, -1.0, -1.0, -1.0, -1.0, 1.0, 1.0, -1.0, -1.0, 1.0, -1.0], "episode_rewards_2": [1.0, 1.0, 1.0, 1.0, 1.0, 1.0, 1.0, 1.0, 1.0, 1.0, 1.0, -2.0, 1.0, 1.0, 1.0, 1.0, 1.0, 1.0, 1.0, 1.0, 1.0, 1.0, 1.0, 1.0, 1.0, 1.0, 1.0, -2.0, 1.0, 1.0, 1.0, 1.0, 1.0, 1.0, 1.0, 1.0, 1.0, 1.0, 1.0, 1.0, 1.0, 1.0, 1.0, -2.0, 1.0, 1.0, 1.0, 1.0, 1.0, -2.0, 1.0, 1.0, 1.0, 1.0, 1.0, 1.0, 1.0, 1.0, 1.0, 1.0, -2.0, 1.0, 1.0, 1.0, -2.0, 1.0, 1.0, 1.0, 1.0, 1.0, 1.0, 1.0, 1.0, 1.0, 1.0, 1.0, 1.0, 1.0, 1.0, 1.0, 1.0, 1.0, 1.0, 1.0, 1.0, 1.0, -2.0, 1.0, 1.0, 1.0, 1.0, 1.0, 1.0, 1.0, 1.0, 1.0, 1.0, 1.0, 1.0, 1.0], "episode_types": ["t", "t", "t", "t", "t", "t", "t", "t", "t", "t", "t", "t", "t", "t", "t", "t", "t", "t", "t", "t", "t", "t", "t", "t", "t", "t", "t", "t", "t", "t", "t", "t", "t", "t", "t", "t", "t", "t", "t", "t", "t", "t", "t", "t", "t", "t", "t", "t", "t", "t", "t", "t", "t", "t", "t", "t", "t", "t", "t", "t", "t", "t", "t", "t", "t", "t", "t", "t", "t", "t", "t", "t", "t", "t", "t", "t", "t", "t", "t", "t", "t", "t", "t", "t", "t", "t", "t", "t", "t", "t", "t", "t", "t", "t", "t", "t", "t", "t", "t", "t", "t"]}