{"initial_reset_timestamp": 1744397944.8977056, "timestamps": [1744397944.9032464, 1744397944.916408, 1744397944.9203255, 1744397944.9253385, 1744397944.9307246, 1744397944.9377186, 1744397944.9524837, 1744397944.954335, 1744397944.962586, 1744397944.9711125, 1744397944.9742494, 1744397944.9801629, 1744397944.9829817, 1744397944.988043, 1744397944.992309, 1744397944.9985733, 1744397945.0133753, 1744397945.0197093, 1744397945.0249982, 1744397945.0380983, 1744397945.0427966, 1744397945.0495374, 1744397945.057028, 1744397945.0613904, 1744397945.065646, 1744397945.0686698, 1744397945.0787957, 1744397945.0866218, 1744397945.089647, 1744397945.0931013, 1744397945.0954463, 1744397945.1037605, 1744397945.1171384, 1744397945.1214492, 1744397945.1381545, 1744397945.1433961, 1744397945.1610296, 1744397945.166537, 1744397945.1684625, 1744397945.1720657, 1744397945.1740952, 1744397945.180552, 1744397945.1935441, 1744397945.195325, 1744397945.1983259, 1744397945.2002542, 1744397945.214796, 1744397945.2279594, 1744397945.2484484, 1744397945.25028, 1744397945.2587163, 1744397945.2668169, 1744397945.270379, 1744397945.273918, 1744397945.2755861, 1744397945.277222, 1744397945.2881474, 1744397945.2898777, 1744397945.299836, 1744397945.303951, 1744397945.3085752, 1744397945.3173535, 1744397945.322864, 1744397945.330227, 1744397945.3406785, 1744397945.3423743, 1744397945.355629, 1744397945.3573797, 1744397945.359014, 1744397945.362011, 1744397945.3710861, 1744397945.3794117, 1744397945.390272, 1744397945.394426, 1744397945.4010572, 1744397945.4057665, 1744397945.4141326, 1744397945.4228075, 1744397945.426546, 1744397945.430111, 1744397945.433607, 1744397945.4522097, 1744397945.4549267, 1744397945.459619, 1744397945.4615808, 1744397945.466577, 1744397945.4728248, 1744397945.4828007, 1744397945.4941893, 1744397945.5000942, 1744397945.5143945, 1744397945.524123, 1744397945.5359182, 1744397945.5453901, 1744397945.5484793, 1744397945.5501049, 1744397945.5641813, 1744397945.5884106, 1744397945.5919445, 1744397945.5967503], "episode_lengths": [1, 1, 1, 1, 2, 3, 3, 1, 6, 6, 2, 1, 1, 2, 2, 4, 3, 2, 2, 9, 3, 1, 3, 3, 3, 2, 3, 4, 2, 2, 1, 2, 2, 2, 12, 3, 6, 3, 1, 2, 1, 1, 5, 1, 2, 1, 4, 9, 7, 1, 4, 1, 1, 2, 1, 1, 2, 1, 7, 3, 3, 2, 2, 5, 2, 1, 4, 1, 1, 2, 7, 1, 7, 3, 5, 3, 1, 3, 2, 2, 2, 4, 1, 3, 1, 3, 1, 2, 5, 3, 7, 2, 5, 7, 2, 1, 4, 7, 2, 3], "episode_rewards": [-1.0, -1.0, -1.0, -1.0, -1.0, -1.0, -1.0, -1.0, 1.0, 1.0, -1.0, -1.0, -1.0, -1.0, -1.0, -1.0, 4.0, -1.0, -1.0, 3.142857142857143, -1.0, -1.0, -1.0, -1.0, -1.0, -1.0, 1.0, -1.0, -1.0, -1.0, -1.0, -1.0, -1.0, 1.0, 2.625, 1.0, 1.0, 4.0, -1.0, -1.0, -1.0, -1.0, 0.5, -1.0, -1.0, -1.0, -1.0, 3.142857142857143, 2.833333333333333, -1.0, -1.0, -1.0, -1.0, -1.0, -1.0, -1.0, -1.0, -1.0, 1.0, -1.0, 1.0, -1.0, -1.0, -1.0, -1.0, -1.0, -1.0, -1.0, -1.0, -1.0, 0.5, -1.0, 0.5, -1.0, 0.5, -1.0, -1.0, 4.0, -1.0, -1.0, -1.0, -1.0, -1.0, -1.0, -1.0, 4.0, -1.0, -1.0, 3.333333333333333, -1.0, 3.2, 4.0, 3.5, 2.833333333333333, -1.0, -1.0, -1.0, 3.2, -1.0, -1.0], "episode_rewards_2": [1.0, 1.0, 1.0, 1.0, 1.0, 1.0, 1.0, 1.0, 1.0, 1.0, 1.0, 1.0, 1.0, 1.0, 1.0, 1.0, -2.0, 1.0, 1.0, -2.0, 1.0, 1.0, 1.0, 1.0, 1.0, 1.0, 1.0, 1.0, 1.0, 1.0, 1.0, 1.0, 1.0, 1.0, -2.0, 1.0, 1.0, -2.0, 1.0, 1.0, 1.0, 1.0, 1.0, 1.0, 1.0, 1.0, 1.0, -2.0, -2.0, 1.0, 1.0, 1.0, 1.0, 1.0, 1.0, 1.0, 1.0, 1.0, 1.0, 1.0, 1.0, 1.0, 1.0, 1.0, 1.0, 1.0, 1.0, 1.0, 1.0, 1.0, 1.0, 1.0, 1.0, 1.0, 1.0, 1.0, 1.0, -2.0, 1.0, 1.0, 1.0, 1.0, 1.0, 1.0, 1.0, -2.0, 1.0, 1.0, -2.0, 1.0, -2.0, -2.0, -2.0, -2.0, 1.0, 1.0, 1.0, -2.0, 1.0, 1.0], "episode_types": ["t", "t", "t", "t", "t", "t", "t", "t", "t", "t", "t", "t", "t", "t", "t", "t", "t", "t", "t", "t", "t", "t", "t", "t", "t", "t", "t", "t", "t", "t", "t", "t", "t", "t", "t", "t", "t", "t", "t", "t", "t", "t", "t", "t", "t", "t", "t", "t", "t", "t", "t", "t", "t", "t", "t", "t", "t", "t", "t", "t", "t", "t", "t", "t", "t", "t", "t", "t", "t", "t", "t", "t", "t", "t", "t", "t", "t", "t", "t", "t", "t", "t", "t", "t", "t", "t", "t", "t", "t", "t", "t", "t", "t", "t", "t", "t", "t", "t", "t", "t", "t"]}