{"initial_reset_timestamp": 1744397936.9254694, "timestamps": [1744397936.935946, 1744397936.9480603, 1744397936.9570148, 1744397936.9650033, 1744397936.966684, 1744397936.9711823, 1744397936.9789624, 1744397936.9816031, 1744397936.983315, 1744397936.9849207, 1744397936.9865623, 1744397936.999597, 1744397937.0025878, 1744397937.0053685, 1744397937.0069184, 1744397937.00845, 1744397937.0192664, 1744397937.0276983, 1744397937.033613, 1744397937.0353029, 1744397937.0408144, 1744397937.0580995, 1744397937.062296, 1744397937.0663564, 1744397937.0679255, 1744397937.0707679, 1744397937.079296, 1744397937.08548, 1744397937.089215, 1744397937.0921504, 1744397937.0937452, 1744397937.1117244, 1744397937.1187599, 1744397937.125962, 1744397937.1346157, 1744397937.1431475, 1744397937.156996, 1744397937.1626081, 1744397937.1709812, 1744397937.173078, 1744397937.176876, 1744397937.1901484, 1744397937.197005, 1744397937.1987624, 1744397937.2068374, 1744397937.214661, 1744397937.2272305, 1744397937.236788, 1744397937.2448165, 1744397937.2476609, 1744397937.2531717, 1744397937.2619014, 1744397937.264936, 1744397937.290278, 1744397937.300039, 1744397937.3030376, 1744397937.317391, 1744397937.3238826, 1744397937.3327563, 1744397937.3370123, 1744397937.342962, 1744397937.3538995, 1744397937.355617, 1744397937.358538, 1744397937.361635, 1744397937.365908, 1744397937.3835497, 1744397937.390097, 1744397937.3929815, 1744397937.3996673, 1744397937.4135091, 1744397937.421558, 1744397937.4248464, 1744397937.427849, 1744397937.434157, 1744397937.435822, 1744397937.4459965, 1744397937.4546416, 1744397937.4568174, 1744397937.4587533, 1744397937.4605792, 1744397937.466609, 1744397937.4698246, 1744397937.4724524, 1744397937.4821916, 1744397937.4863849, 1744397937.497324, 1744397937.4993863, 1744397937.513639, 1744397937.5152333, 1744397937.520461, 1744397937.5261369, 1744397937.5426018, 1744397937.5445669, 1744397937.5463915, 1744397937.5504358, 1744397937.5649197, 1744397937.5693953, 1744397937.571142, 1744397937.5774667], "episode_lengths": [3, 2, 5, 6, 1, 3, 1, 1, 1, 1, 1, 4, 2, 2, 1, 1, 3, 2, 3, 1, 4, 8, 3, 3, 1, 2, 1, 3, 2, 2, 1, 6, 4, 4, 2, 4, 4, 3, 5, 1, 2, 2, 3, 1, 6, 5, 4, 6, 4, 1, 2, 1, 1, 7, 6, 2, 6, 5, 6, 3, 4, 2, 1, 2, 2, 3, 4, 4, 2, 5, 11, 1, 1, 1, 3, 1, 3, 3, 1, 1, 1, 1, 1, 1, 3, 2, 2, 1, 10, 1, 4, 1, 5, 1, 1, 3, 6, 3, 1, 4], "episode_rewards": [-1.0, 4.0, 0.33333333333333326, 0.25, -1.0, -1.0, -1.0, -1.0, -1.0, -1.0, -1.0, 3.5, -1.0, -1.0, -1.0, -1.0, -1.0, -1.0, -1.0, -1.0, 1.0, 3.2, -1.0, 1.0, -1.0, -1.0, -1.0, -1.0, -1.0, 1.0, -1.0, 1.0, -1.0, 1.0, -1.0, -1.0, -1.0, 4.0, 1.0, -1.0, -1.0, -1.0, 4.0, -1.0, 3.25, 1.0, 4.0, 1.0, 0.5, -1.0, 1.0, -1.0, -1.0, 1.0, 3.333333333333333, -1.0, 1.0, 3.5, 1.0, -1.0, -1.0, -1.0, -1.0, -1.0, -1.0, -1.0, -1.0, 1.0, -1.0, 3.5, 3.125, -1.0, -1.0, -1.0, -1.0, -1.0, -1.0, 1.0, -1.0, -1.0, -1.0, -1.0, -1.0, -1.0, -1.0, -1.0, -1.0, -1.0, 2.5, -1.0, 1.0, -1.0, 3.5, -1.0, -1.0, -1.0, -1.0, 1.0, -1.0, -1.0], "episode_rewards_2": [1.0, -2.0, 1.0, 1.0, 1.0, 1.0, 1.0, 1.0, 1.0, 1.0, 1.0, -2.0, 1.0, 1.0, 1.0, 1.0, 1.0, 1.0, 1.0, 1.0, 1.0, -2.0, 1.0, 1.0, 1.0, 1.0, 1.0, 1.0, 1.0, 1.0, 1.0, 1.0, 1.0, 1.0, 1.0, 1.0, 1.0, -2.0, 1.0, 1.0, 1.0, 1.0, -2.0, 1.0, -2.0, 1.0, -2.0, 1.0, 1.0, 1.0, 1.0, 1.0, 1.0, 1.0, -2.0, 1.0, 1.0, -2.0, 1.0, 1.0, 1.0, 1.0, 1.0, 1.0, 1.0, 1.0, 1.0, 1.0, 1.0, -2.0, -2.0, 1.0, 1.0, 1.0, 1.0, 1.0, 1.0, 1.0, 1.0, 1.0, 1.0, 1.0, 1.0, 1.0, 1.0, 1.0, 1.0, 1.0, -2.0, 1.0, 1.0, 1.0, -2.0, 1.0, 1.0, 1.0, 1.0, 1.0, 1.0, 1.0], "episode_types": ["t", "t", "t", "t", "t", "t", "t", "t", "t", "t", "t", "t", "t", "t", "t", "t", "t", "t", "t", "t", "t", "t", "t", "t", "t", "t", "t", "t", "t", "t", "t", "t", "t", "t", "t", "t", "t", "t", "t", "t", "t", "t", "t", "t", "t", "t", "t", "t", "t", "t", "t", "t", "t", "t", "t", "t", "t", "t", "t", "t", "t", "t", "t", "t", "t", "t", "t", "t", "t", "t", "t", "t", "t", "t", "t", "t", "t", "t", "t", "t", "t", "t", "t", "t", "t", "t", "t", "t", "t", "t", "t", "t", "t", "t", "t", "t", "t", "t", "t", "t", "t"]}