{"initial_reset_timestamp": 1744397959.637753, "timestamps": [1744397959.6501896, 1744397959.664836, 1744397959.6706553, 1744397959.673644, 1744397959.681979, 1744397959.6913178, 1744397959.7107432, 1744397959.712539, 1744397959.7258835, 1744397959.7342834, 1744397959.7509348, 1744397959.7684987, 1744397959.776031, 1744397959.7808897, 1744397959.785338, 1744397959.7890916, 1744397959.801929, 1744397959.804392, 1744397959.8201227, 1744397959.8235862, 1744397959.8298771, 1744397959.8413281, 1744397959.8535264, 1744397959.856204, 1744397959.8613474, 1744397959.875837, 1744397959.8902617, 1744397959.8920715, 1744397959.8973558, 1744397959.9008644, 1744397959.9059024, 1744397959.9168649, 1744397959.9226613, 1744397959.9243739, 1744397959.9287448, 1744397959.9348645, 1744397959.9411957, 1744397959.9595444, 1744397959.9662175, 1744397959.9775498, 1744397959.980588, 1744397959.9877622, 1744397959.999339, 1744397960.0031753, 1744397960.0049582, 1744397960.0120313, 1744397960.0196128, 1744397960.0233407, 1744397960.0273228, 1744397960.032339, 1744397960.0357149, 1744397960.0443985, 1744397960.0519738, 1744397960.0564702, 1744397960.0595336, 1744397960.0625682, 1744397960.0914733, 1744397960.0933902, 1744397960.0991726, 1744397960.1031206, 1744397960.112079, 1744397960.1190717, 1744397960.1265213, 1744397960.1286416, 1744397960.134557, 1744397960.1373768, 1744397960.1674175, 1744397960.173777, 1744397960.184378, 1744397960.1938996, 1744397960.2017882, 1744397960.2175899, 1744397960.226015, 1744397960.229212, 1744397960.2354712, 1744397960.2390907, 1744397960.2464385, 1744397960.2541585, 1744397960.257946, 1744397960.2597563, 1744397960.2614963, 1744397960.2756357, 1744397960.2812967, 1744397960.2832155, 1744397960.2876847, 1744397960.2907193, 1744397960.3028731, 1744397960.3059669, 1744397960.3171751, 1744397960.3193622, 1744397960.3224502, 1744397960.3404927, 1744397960.3479166, 1744397960.3496437, 1744397960.3512535, 1744397960.3528347, 1744397960.3695962, 1744397960.377298, 1744397960.3816338, 1744397960.3859115], "episode_lengths": [3, 2, 2, 1, 4, 4, 5, 1, 9, 6, 4, 5, 3, 3, 3, 2, 3, 1, 11, 2, 4, 2, 2, 1, 2, 10, 4, 1, 3, 2, 3, 3, 3, 1, 3, 3, 1, 7, 1, 6, 2, 1, 3, 2, 1, 5, 1, 1, 2, 3, 2, 2, 3, 3, 2, 2, 8, 1, 4, 2, 5, 1, 2, 1, 4, 1, 9, 2, 3, 4, 1, 4, 3, 1, 4, 2, 1, 2, 2, 1, 1, 4, 3, 1, 3, 2, 2, 1, 3, 1, 2, 5, 4, 1, 1, 1, 4, 5, 3, 3], "episode_rewards": [1.0, -1.0, -1.0, -1.0, -1.0, 0.5, -1.0, -1.0, 1.0, 3.333333333333333, -1.0, 1.0, 1.0, -1.0, -1.0, 1.0, -1.0, -1.0, 3.125, -1.0, -1.0, 1.0, -1.0, -1.0, -1.0, 2.666666666666667, -1.0, -1.0, -1.0, -1.0, -1.0, 1.0, -1.0, -1.0, 1.0, 1.0, -1.0, 3.2, -1.0, 0.33333333333333326, -1.0, -1.0, 4.0, -1.0, -1.0, -1.0, -1.0, -1.0, -1.0, -1.0, -1.0, -1.0, -1.0, -1.0, -1.0, -1.0, 3.166666666666667, -1.0, 3.5, -1.0, -1.0, -1.0, -1.0, -1.0, -1.0, -1.0, 3.142857142857143, -1.0, 1.0, -1.0, -1.0, -1.0, 4.0, -1.0, -1.0, -1.0, -1.0, -1.0, -1.0, -1.0, -1.0, -1.0, -1.0, -1.0, -1.0, -1.0, -1.0, -1.0, -1.0, -1.0, -1.0, -1.0, -1.0, -1.0, -1.0, -1.0, 0.5, -1.0, -1.0, -1.0], "episode_rewards_2": [1.0, 1.0, 1.0, 1.0, 1.0, 1.0, 1.0, 1.0, 1.0, -2.0, 1.0, 1.0, 1.0, 1.0, 1.0, 1.0, 1.0, 1.0, -2.0, 1.0, 1.0, 1.0, 1.0, 1.0, 1.0, -2.0, 1.0, 1.0, 1.0, 1.0, 1.0, 1.0, 1.0, 1.0, 1.0, 1.0, 1.0, -2.0, 1.0, 1.0, 1.0, 1.0, -2.0, 1.0, 1.0, 1.0, 1.0, 1.0, 1.0, 1.0, 1.0, 1.0, 1.0, 1.0, 1.0, 1.0, -2.0, 1.0, -2.0, 1.0, 1.0, 1.0, 1.0, 1.0, 1.0, 1.0, -2.0, 1.0, 1.0, 1.0, 1.0, 1.0, -2.0, 1.0, 1.0, 1.0, 1.0, 1.0, 1.0, 1.0, 1.0, 1.0, 1.0, 1.0, 1.0, 1.0, 1.0, 1.0, 1.0, 1.0, 1.0, 1.0, 1.0, 1.0, 1.0, 1.0, 1.0, 1.0, 1.0, 1.0], "episode_types": ["t", "t", "t", "t", "t", "t", "t", "t", "t", "t", "t", "t", "t", "t", "t", "t", "t", "t", "t", "t", "t", "t", "t", "t", "t", "t", "t", "t", "t", "t", "t", "t", "t", "t", "t", "t", "t", "t", "t", "t", "t", "t", "t", "t", "t", "t", "t", "t", "t", "t", "t", "t", "t", "t", "t", "t", "t", "t", "t", "t", "t", "t", "t", "t", "t", "t", "t", "t", "t", "t", "t", "t", "t", "t", "t", "t", "t", "t", "t", "t", "t", "t", "t", "t", "t", "t", "t", "t", "t", "t", "t", "t", "t", "t", "t", "t", "t", "t", "t", "t", "t"]}