{"initial_reset_timestamp": 1744397951.5736604, "timestamps": [1744397951.5843735, 1744397951.596315, 1744397951.599252, 1744397951.6140058, 1744397951.6158066, 1744397951.6228096, 1744397951.6285725, 1744397951.6338701, 1744397951.6361492, 1744397951.6452894, 1744397951.658151, 1744397951.669621, 1744397951.6791654, 1744397951.6881785, 1744397951.69279, 1744397951.7017467, 1744397951.7176979, 1744397951.7228775, 1744397951.7315917, 1744397951.7397563, 1744397951.7427378, 1744397951.7535255, 1744397951.7646306, 1744397951.7685342, 1744397951.7737892, 1744397951.7793198, 1744397951.8113725, 1744397951.8250325, 1744397951.8342192, 1744397951.8406825, 1744397951.8437648, 1744397951.863674, 1744397951.8655124, 1744397951.870537, 1744397951.875848, 1744397951.877527, 1744397951.8858337, 1744397951.8918984, 1744397951.906583, 1744397951.9146562, 1744397951.9164774, 1744397951.9239166, 1744397951.927895, 1744397951.9387982, 1744397951.9419568, 1744397951.9468338, 1744397951.9548848, 1744397951.963727, 1744397951.970786, 1744397951.9738405, 1744397951.9757552, 1744397951.9936779, 1744397952.0004823, 1744397952.0112863, 1744397952.013175, 1744397952.0148883, 1744397952.023574, 1744397952.0266747, 1744397952.0335767, 1744397952.0373309, 1744397952.0391393, 1744397952.0457647, 1744397952.054369, 1744397952.0587502, 1744397952.061793, 1744397952.0648181, 1744397952.071404, 1744397952.0787253, 1744397952.0866878, 1744397952.0959349, 1744397952.105076, 1744397952.1201463, 1744397952.122491, 1744397952.1256042, 1744397952.1286561, 1744397952.1303022, 1744397952.1365266, 1744397952.144366, 1744397952.1499047, 1744397952.1528628, 1744397952.1556423, 1744397952.1680653, 1744397952.174831, 1744397952.1793237, 1744397952.1812658, 1744397952.1840394, 1744397952.2096586, 1744397952.2182033, 1744397952.229232, 1744397952.2349188, 1744397952.2370944, 1744397952.2446063, 1744397952.2552397, 1744397952.2605126, 1744397952.26577, 1744397952.2706265, 1744397952.2834873, 1744397952.2985315, 1744397952.305084, 1744397952.308984], "episode_lengths": [3, 2, 1, 6, 1, 5, 1, 1, 1, 6, 9, 2, 2, 4, 3, 6, 3, 3, 5, 6, 2, 2, 5, 2, 3, 1, 10, 5, 4, 4, 2, 6, 1, 3, 3, 1, 1, 2, 4, 4, 1, 1, 1, 4, 2, 3, 2, 4, 5, 2, 1, 5, 1, 4, 1, 1, 2, 1, 2, 2, 1, 1, 3, 3, 2, 2, 1, 2, 3, 5, 2, 3, 1, 2, 2, 1, 1, 3, 2, 1, 1, 3, 3, 2, 1, 1, 8, 1, 6, 4, 1, 1, 4, 3, 3, 3, 4, 8, 4, 2], "episode_rewards": [4.0, -1.0, -1.0, -1.0, -1.0, 3.333333333333333, -1.0, -1.0, -1.0, -1.0, 0.33333333333333326, -1.0, -1.0, -1.0, -1.0, 3.333333333333333, -1.0, -1.0, -1.0, 1.0, -1.0, -1.0, -1.0, 4.0, -1.0, -1.0, 3.142857142857143, 3.5, -1.0, -1.0, -1.0, 3.333333333333333, -1.0, 4.0, -1.0, -1.0, -1.0, 1.0, -1.0, -1.0, -1.0, -1.0, -1.0, -1.0, -1.0, -1.0, -1.0, -1.0, -1.0, -1.0, -1.0, -1.0, -1.0, -1.0, -1.0, -1.0, -1.0, -1.0, -1.0, -1.0, -1.0, -1.0, -1.0, -1.0, -1.0, -1.0, -1.0, -1.0, -1.0, 0.5, -1.0, -1.0, -1.0, 1.0, -1.0, -1.0, -1.0, -1.0, -1.0, -1.0, -1.0, -1.0, -1.0, -1.0, -1.0, -1.0, 3.166666666666667, -1.0, 3.25, -1.0, -1.0, -1.0, -1.0, -1.0, -1.0, -1.0, -1.0, 2.6666666666666665, 0.5, -1.0], "episode_rewards_2": [-2.0, 1.0, 1.0, 1.0, 1.0, -2.0, 1.0, 1.0, 1.0, 1.0, 1.0, 1.0, 1.0, 1.0, 1.0, -2.0, 1.0, 1.0, 1.0, 1.0, 1.0, 1.0, 1.0, -2.0, 1.0, 1.0, -2.0, -2.0, 1.0, 1.0, 1.0, -2.0, 1.0, -2.0, 1.0, 1.0, 1.0, 1.0, 1.0, 1.0, 1.0, 1.0, 1.0, 1.0, 1.0, 1.0, 1.0, 1.0, 1.0, 1.0, 1.0, 1.0, 1.0, 1.0, 1.0, 1.0, 1.0, 1.0, 1.0, 1.0, 1.0, 1.0, 1.0, 1.0, 1.0, 1.0, 1.0, 1.0, 1.0, 1.0, 1.0, 1.0, 1.0, 1.0, 1.0, 1.0, 1.0, 1.0, 1.0, 1.0, 1.0, 1.0, 1.0, 1.0, 1.0, 1.0, -2.0, 1.0, -2.0, 1.0, 1.0, 1.0, 1.0, 1.0, 1.0, 1.0, 1.0, -2.0, 1.0, 1.0], "episode_types": ["t", "t", "t", "t", "t", "t", "t", "t", "t", "t", "t", "t", "t", "t", "t", "t", "t", "t", "t", "t", "t", "t", "t", "t", "t", "t", "t", "t", "t", "t", "t", "t", "t", "t", "t", "t", "t", "t", "t", "t", "t", "t", "t", "t", "t", "t", "t", "t", "t", "t", "t", "t", "t", "t", "t", "t", "t", "t", "t", "t", "t", "t", "t", "t", "t", "t", "t", "t", "t", "t", "t", "t", "t", "t", "t", "t", "t", "t", "t", "t", "t", "t", "t", "t", "t", "t", "t", "t", "t", "t", "t", "t", "t", "t", "t", "t", "t", "t", "t", "t", "t"]}