{"initial_reset_timestamp": 1744397967.6740196, "timestamps": [1744397967.6998727, 1744397967.7167516, 1744397967.7605548, 1744397967.7644405, 1744397967.767772, 1744397967.7738397, 1744397967.7931354, 1744397967.8043864, 1744397967.8136864, 1744397967.821992, 1744397967.8254797, 1744397967.8330011, 1744397967.8433847, 1744397967.8578584, 1744397967.8675485, 1744397967.884666, 1744397967.8916664, 1744397967.8967178, 1744397967.9171116, 1744397967.9229615, 1744397967.9248857, 1744397967.9447935, 1744397967.9790676, 1744397967.9985511, 1744397968.0074184, 1744397968.0115478, 1744397968.0294917, 1744397968.0380077, 1744397968.0438707, 1744397968.054533, 1744397968.0597587, 1744397968.071978, 1744397968.0776863, 1744397968.089552, 1744397968.1003566, 1744397968.1124592, 1744397968.1328971, 1744397968.1503084, 1744397968.1559393, 1744397968.1593204, 1744397968.173367, 1744397968.1814518, 1744397968.1913161, 1744397968.209959, 1744397968.2296515, 1744397968.2381892, 1744397968.2503252, 1744397968.2533567, 1744397968.2606795, 1744397968.272068, 1744397968.288391, 1744397968.3007917, 1744397968.3083546, 1744397968.322991, 1744397968.332268, 1744397968.34363, 1744397968.353556, 1744397968.3667655, 1744397968.3775527, 1744397968.384351, 1744397968.3980114, 1744397968.416178, 1744397968.4285848, 1744397968.4365015, 1744397968.4494643, 1744397968.4607959, 1744397968.4741929, 1744397968.4904711, 1744397968.496762, 1744397968.5257301, 1744397968.5372932, 1744397968.5484493, 1744397968.5541315, 1744397968.5573628, 1744397968.5643234, 1744397968.578593, 1744397968.5846446, 1744397968.588001, 1744397968.5996232, 1744397968.6120906, 1744397968.616426, 1744397968.6271262, 1744397968.634183, 1744397968.6403306, 1744397968.644089, 1744397968.6473854, 1744397968.6573806, 1744397968.6688461, 1744397968.6710055, 1744397968.6747181, 1744397968.6813467, 1744397968.6999974, 1744397968.7116153, 1744397968.7182775, 1744397968.7228553, 1744397968.725866, 1744397968.7385745, 1744397968.744474, 1744397968.7529917, 1744397968.7587538], "episode_lengths": [7, 3, 13, 1, 1, 1, 4, 3, 2, 3, 1, 1, 3, 3, 3, 3, 1, 1, 6, 2, 1, 3, 11, 4, 2, 1, 4, 3, 2, 4, 2, 3, 2, 3, 2, 3, 4, 6, 2, 1, 5, 1, 3, 3, 4, 2, 2, 1, 1, 3, 5, 2, 1, 4, 3, 4, 1, 4, 3, 2, 5, 3, 3, 2, 4, 2, 3, 6, 2, 9, 3, 2, 2, 1, 2, 6, 1, 1, 5, 7, 2, 2, 1, 2, 1, 1, 2, 4, 1, 2, 3, 6, 8, 4, 3, 2, 1, 2, 3, 2], "episode_rewards": [-1.0, -1.0, 2.392857142857143, -1.0, -1.0, -1.0, 1.0, 1.0, -1.0, -1.0, -1.0, -1.0, -1.0, 4.0, -1.0, -1.0, -1.0, -1.0, -1.0, -1.0, -1.0, -1.0, 2.642857142857143, 3.5, -1.0, -1.0, -1.0, -1.0, -1.0, -1.0, -1.0, -1.0, -1.0, -1.0, -1.0, -1.0, -1.0, -1.0, -1.0, -1.0, 3.5, -1.0, -1.0, -1.0, -1.0, -1.0, -1.0, -1.0, -1.0, -1.0, 0.5, -1.0, -1.0, 0.5, -1.0, 3.5, -1.0, -1.0, 1.0, -1.0, -1.0, -1.0, 1.0, -1.0, -1.0, -1.0, -1.0, -1.0, -1.0, 3.166666666666667, -1.0, -1.0, 4.0, -1.0, -1.0, -1.0, -1.0, -1.0, 0.5, 3.2, -1.0, -1.0, -1.0, -1.0, -1.0, -1.0, -1.0, -1.0, -1.0, -1.0, -1.0, 0.33333333333333326, 0.33333333333333326, 3.5, 1.0, 4.0, -1.0, -1.0, -1.0, 1.0], "episode_rewards_2": [1.0, 1.0, -2.0, 1.0, 1.0, 1.0, 1.0, 1.0, 1.0, 1.0, 1.0, 1.0, 1.0, -2.0, 1.0, 1.0, 1.0, 1.0, 1.0, 1.0, 1.0, 1.0, -2.0, -2.0, 1.0, 1.0, 1.0, 1.0, 1.0, 1.0, 1.0, 1.0, 1.0, 1.0, 1.0, 1.0, 1.0, 1.0, 1.0, 1.0, -2.0, 1.0, 1.0, 1.0, 1.0, 1.0, 1.0, 1.0, 1.0, 1.0, 1.0, 1.0, 1.0, 1.0, 1.0, -2.0, 1.0, 1.0, 1.0, 1.0, 1.0, 1.0, 1.0, 1.0, 1.0, 1.0, 1.0, 1.0, 1.0, -2.0, 1.0, 1.0, -2.0, 1.0, 1.0, 1.0, 1.0, 1.0, 1.0, -2.0, 1.0, 1.0, 1.0, 1.0, 1.0, 1.0, 1.0, 1.0, 1.0, 1.0, 1.0, 1.0, 1.0, -2.0, 1.0, -2.0, 1.0, 1.0, 1.0, 1.0], "episode_types": ["t", "t", "t", "t", "t", "t", "t", "t", "t", "t", "t", "t", "t", "t", "t", "t", "t", "t", "t", "t", "t", "t", "t", "t", "t", "t", "t", "t", "t", "t", "t", "t", "t", "t", "t", "t", "t", "t", "t", "t", "t", "t", "t", "t", "t", "t", "t", "t", "t", "t", "t", "t", "t", "t", "t", "t", "t", "t", "t", "t", "t", "t", "t", "t", "t", "t", "t", "t", "t", "t", "t", "t", "t", "t", "t", "t", "t", "t", "t", "t", "t", "t", "t", "t", "t", "t", "t", "t", "t", "t", "t", "t", "t", "t", "t", "t", "t", "t", "t", "t", "t"]}