{"initial_reset_timestamp": 1744398261.8547, "timestamps": [1744398261.8598785, 1744398261.8803403, 1744398261.911444, 1744398261.9174645, 1744398261.9352107, 1744398261.940839, 1744398261.9455717, 1744398261.9623256, 1744398262.0018642, 1744398262.0068552, 1744398262.0243354, 1744398262.0287702, 1744398262.040106, 1744398262.0448492, 1744398262.0711904, 1744398262.0756202, 1744398262.09099, 1744398262.0996037, 1744398262.1041625, 1744398262.1128144, 1744398262.121633, 1744398262.1520908, 1744398262.1658406, 1744398262.190534, 1744398262.203688, 1744398262.2173576, 1744398262.2299788, 1744398262.242148, 1744398262.2507098, 1744398262.2591705, 1744398262.2749698, 1744398262.2865376, 1744398262.3036659, 1744398262.3210578, 1744398262.33222, 1744398262.3489773, 1744398262.3655245, 1744398262.3739407, 1744398262.385834, 1744398262.39886, 1744398262.404132, 1744398262.4185293, 1744398262.4333642, 1744398262.444815, 1744398262.4591985, 1744398262.479451, 1744398262.5092523, 1744398262.5181282, 1744398262.5520065, 1744398262.5566971, 1744398262.5688314, 1744398262.5947642, 1744398262.643316, 1744398262.6483235, 1744398262.653343, 1744398262.658677, 1744398262.6680033, 1744398262.7101808, 1744398262.7381942, 1744398262.7502172, 1744398262.7662106, 1744398262.801069, 1744398262.8057833, 1744398262.8178825, 1744398262.8386602, 1744398262.8538322, 1744398262.858401, 1744398262.8710167, 1744398262.875606, 1744398262.8831813, 1744398262.8916004, 1744398262.9587157, 1744398262.9753978, 1744398262.9960728, 1744398263.0366313, 1744398263.0453796, 1744398263.0716708, 1744398263.0762148, 1744398263.1009567, 1744398263.1178257, 1744398263.1512606, 1744398263.1557565, 1744398263.1605425, 1744398263.169066, 1744398263.1774, 1744398263.191868, 1744398263.2009966, 1744398263.2052667, 1744398263.2221963, 1744398263.226427, 1744398263.2344809, 1744398263.24934, 1744398263.258552, 1744398263.2694948, 1744398263.2769518, 1744398263.281443, 1744398263.3047967, 1744398263.320332, 1744398263.3284512, 1744398263.3402612], "episode_lengths": [1, 3, 6, 1, 2, 1, 1, 4, 7, 1, 4, 1, 2, 1, 4, 1, 2, 2, 1, 1, 2, 7, 3, 6, 2, 3, 3, 2, 2, 2, 4, 2, 4, 2, 2, 2, 4, 2, 3, 3, 1, 2, 2, 2, 3, 4, 6, 1, 7, 1, 1, 4, 8, 1, 1, 1, 2, 5, 4, 2, 3, 6, 1, 2, 3, 2, 1, 3, 1, 2, 2, 14, 2, 3, 7, 1, 5, 1, 5, 4, 7, 1, 1, 2, 2, 2, 2, 1, 4, 1, 2, 3, 2, 2, 1, 1, 4, 4, 2, 3], "episode_rewards": [-1.0, -1.0, 0.25, -1.0, -1.0, -1.0, -1.0, -1.0, 2.833333333333333, -1.0, 0.5, -1.0, -1.0, -1.0, 1.0, -1.0, -1.0, -1.0, -1.0, -1.0, -1.0, 3.2, -1.0, -1.0, -1.0, -1.0, -1.0, -1.0, -1.0, -1.0, -1.0, -1.0, -1.0, -1.0, -1.0, -1.0, -1.0, -1.0, -1.0, -1.0, -1.0, 1.0, -1.0, -1.0, -1.0, -1.0, 0.25, -1.0, 1.0, -1.0, -1.0, -1.0, 1.0, -1.0, -1.0, -1.0, -1.0, -1.0, 1.0, -1.0, -1.0, 1.0, -1.0, -1.0, -1.0, -1.0, -1.0, -1.0, -1.0, -1.0, -1.0, 2.6, -1.0, 1.0, 3.25, -1.0, 3.5, -1.0, 1.0, 3.5, 3.25, -1.0, -1.0, -1.0, -1.0, -1.0, -1.0, -1.0, -1.0, -1.0, -1.0, 1.0, -1.0, -1.0, -1.0, -1.0, -1.0, 1.0, -1.0, -1.0], "episode_rewards_2": [1.0, 1.0, 1.0, 1.0, 1.0, 1.0, 1.0, 1.0, -2.0, 1.0, 1.0, 1.0, 1.0, 1.0, 1.0, 1.0, 1.0, 1.0, 1.0, 1.0, 1.0, -2.0, 1.0, 1.0, 1.0, 1.0, 1.0, 1.0, 1.0, 1.0, 1.0, 1.0, 1.0, 1.0, 1.0, 1.0, 1.0, 1.0, 1.0, 1.0, 1.0, 1.0, 1.0, 1.0, 1.0, 1.0, 1.0, 1.0, 1.0, 1.0, 1.0, 1.0, 1.0, 1.0, 1.0, 1.0, 1.0, 1.0, 1.0, 1.0, 1.0, 1.0, 1.0, 1.0, 1.0, 1.0, 1.0, 1.0, 1.0, 1.0, 1.0, -2.0, 1.0, 1.0, -2.0, 1.0, -2.0, 1.0, 1.0, -2.0, -2.0, 1.0, 1.0, 1.0, 1.0, 1.0, 1.0, 1.0, 1.0, 1.0, 1.0, 1.0, 1.0, 1.0, 1.0, 1.0, 1.0, 1.0, 1.0, 1.0], "episode_types": ["t", "t", "t", "t", "t", "t", "t", "t", "t", "t", "t", "t", "t", "t", "t", "t", "t", "t", "t", "t", "t", "t", "t", "t", "t", "t", "t", "t", "t", "t", "t", "t", "t", "t", "t", "t", "t", "t", "t", "t", "t", "t", "t", "t", "t", "t", "t", "t", "t", "t", "t", "t", "t", "t", "t", "t", "t", "t", "t", "t", "t", "t", "t", "t", "t", "t", "t", "t", "t", "t", "t", "t", "t", "t", "t", "t", "t", "t", "t", "t", "t", "t", "t", "t", "t", "t", "t", "t", "t", "t", "t", "t", "t", "t", "t", "t", "t", "t", "t", "t", "t"]}