{"initial_reset_timestamp": 1744397911.973369, "timestamps": [1744397911.9801338, 1744397912.216032, 1744397912.2286801, 1744397912.2496974, 1744397912.2666285, 1744397912.2687614, 1744397912.27945, 1744397912.3073776, 1744397912.3171904, 1744397912.3282197, 1744397912.3417594, 1744397912.3559532, 1744397912.3699448, 1744397912.3754008, 1744397912.3783042, 1744397912.3821778, 1744397912.3925014, 1744397912.3984292, 1744397912.4001954, 1744397912.4039292, 1744397912.409125, 1744397912.4320102, 1744397912.4500096, 1744397912.4516132, 1744397912.4531176, 1744397912.46598, 1744397912.4785416, 1744397912.4886477, 1744397912.4905438, 1744397912.4999845, 1744397912.5075696, 1744397912.5251057, 1744397912.535826, 1744397912.552909, 1744397912.5551527, 1744397912.5628505, 1744397912.5718343, 1744397912.5808299, 1744397912.596093, 1744397912.5990033, 1744397912.6017284, 1744397912.620961, 1744397912.6238518, 1744397912.6368384, 1744397912.6640089, 1744397912.6695237, 1744397912.676421, 1744397912.6892886, 1744397912.6908262, 1744397912.705762, 1744397912.7154305, 1744397912.7228465, 1744397912.7312543, 1744397912.732755, 1744397912.7368, 1744397912.7403164, 1744397912.7601616, 1744397912.7655957, 1744397912.7729745, 1744397912.7764528, 1744397912.7927299, 1744397912.8103342, 1744397912.8161383, 1744397912.8206754, 1744397912.8431563, 1744397912.8451064, 1744397912.8617365, 1744397912.8789163, 1744397912.8911607, 1744397912.903205, 1744397912.9049063, 1744397912.9187043, 1744397912.9220712, 1744397912.9388077, 1744397912.9435527, 1744397912.9546843, 1744397912.9749484, 1744397912.9766881, 1744397912.9855437, 1744397912.9905672, 1744397913.0057275, 1744397913.0205479, 1744397913.0313542, 1744397913.0401287, 1744397913.0536354, 1744397913.0610101, 1744397913.0781386, 1744397913.0837, 1744397913.0945747, 1744397913.0974338, 1744397913.102463, 1744397913.113594, 1744397913.1309311, 1744397913.1383348, 1744397913.1577113, 1744397913.1646447, 1744397913.178755, 1744397913.1864927, 1744397913.1881566, 1744397913.19388], "episode_lengths": [2, 5, 8, 11, 11, 1, 1, 11, 2, 4, 10, 4, 9, 4, 2, 3, 3, 4, 1, 2, 3, 8, 12, 1, 1, 9, 3, 5, 1, 6, 6, 8, 2, 8, 1, 4, 1, 5, 8, 2, 2, 8, 2, 10, 15, 4, 1, 8, 1, 12, 7, 1, 6, 1, 3, 2, 5, 4, 5, 2, 12, 7, 4, 3, 17, 1, 3, 12, 10, 9, 1, 4, 2, 11, 3, 7, 6, 1, 7, 3, 9, 5, 7, 5, 8, 5, 4, 3, 8, 2, 4, 3, 14, 6, 14, 4, 3, 4, 1, 4], "episode_rewards": [-1.0, 0.5, -1.0, 2.642857142857143, 0.33333333333333326, -1.0, -1.0, 3.125, -1.0, -1.0, 3.142857142857143, -1.0, -1.0, -1.0, -1.0, -1.0, 1.0, 1.0, -1.0, 1.0, -1.0, -1.0, 2.625, -1.0, -1.0, -1.0, -1.0, 0.33333333333333326, -1.0, 3.333333333333333, 0.25, -1.0, -1.0, 3.166666666666667, -1.0, -1.0, -1.0, 3.333333333333333, 0.25, -1.0, 1.0, -1.0, 1.0, 2.666666666666667, -1.0, -1.0, -1.0, -1.0, -1.0, -1.0, 3.2, -1.0, -1.0, -1.0, -1.0, -1.0, -1.0, -1.0, 1.0, -1.0, 0.33333333333333326, 0.25, 4.0, 1.0, 2.4166666666666665, -1.0, -1.0, 0.33333333333333326, 0.25, -1.0, -1.0, 0.5, 1.0, 0.125, 4.0, -1.0, -1.0, -1.0, -1.0, -1.0, 2.583333333333333, -1.0, -1.0, -1.0, -1.0, -1.0, 0.5, 1.0, 3.2, -1.0, 1.0, -1.0, 3.090909090909091, 1.0, 2.4444444444444446, -1.0, -1.0, 0.5, -1.0, -1.0], "episode_rewards_2": [1.0, 1.0, 1.0, -2.0, 1.0, 1.0, 1.0, -2.0, 1.0, 1.0, -2.0, 1.0, 1.0, 1.0, 1.0, 1.0, 1.0, 1.0, 1.0, 1.0, 1.0, 1.0, -2.0, 1.0, 1.0, 1.0, 1.0, 1.0, 1.0, -2.0, 1.0, 1.0, 1.0, -2.0, 1.0, 1.0, 1.0, -2.0, 1.0, 1.0, 1.0, 1.0, 1.0, -2.0, 1.0, 1.0, 1.0, 1.0, 1.0, 1.0, -2.0, 1.0, 1.0, 1.0, 1.0, 1.0, 1.0, 1.0, 1.0, 1.0, 1.0, 1.0, -2.0, 1.0, -2.0, 1.0, 1.0, 1.0, 1.0, 1.0, 1.0, 1.0, 1.0, 1.0, -2.0, 1.0, 1.0, 1.0, 1.0, 1.0, -2.0, 1.0, 1.0, 1.0, 1.0, 1.0, 1.0, 1.0, -2.0, 1.0, 1.0, 1.0, -2.0, 1.0, -2.0, 1.0, 1.0, 1.0, 1.0, 1.0], "episode_types": ["t", "t", "t", "t", "t", "t", "t", "t", "t", "t", "t", "t", "t", "t", "t", "t", "t", "t", "t", "t", "t", "t", "t", "t", "t", "t", "t", "t", "t", "t", "t", "t", "t", "t", "t", "t", "t", "t", "t", "t", "t", "t", "t", "t", "t", "t", "t", "t", "t", "t", "t", "t", "t", "t", "t", "t", "t", "t", "t", "t", "t", "t", "t", "t", "t", "t", "t", "t", "t", "t", "t", "t", "t", "t", "t", "t", "t", "t", "t", "t", "t", "t", "t", "t", "t", "t", "t", "t", "t", "t", "t", "t", "t", "t", "t", "t", "t", "t", "t", "t", "t"]}