{"initial_reset_timestamp": 1744398214.165122, "timestamps": [1744398214.1703055, 1744398214.1934848, 1744398214.227837, 1744398214.2359335, 1744398214.2487547, 1744398214.2648053, 1744398214.2770102, 1744398214.2986426, 1744398214.3065836, 1744398214.3101547, 1744398214.3153195, 1744398214.338192, 1744398214.3426313, 1744398214.3469594, 1744398214.3598604, 1744398214.3722682, 1744398214.3911269, 1744398214.401921, 1744398214.4136987, 1744398214.4298294, 1744398214.4380097, 1744398214.4586015, 1744398214.4711921, 1744398214.4754891, 1744398214.4907472, 1744398214.503243, 1744398214.5142136, 1744398214.522615, 1744398214.5345657, 1744398214.543221, 1744398214.5552168, 1744398214.5675602, 1744398214.5718913, 1744398214.5767744, 1744398214.593815, 1744398214.6159103, 1744398214.6351101, 1744398214.63984, 1744398214.6484692, 1744398214.6610107, 1744398214.6661801, 1744398214.684497, 1744398214.6931915, 1744398214.7229786, 1744398214.7347906, 1744398214.743114, 1744398214.755252, 1744398214.7718546, 1744398214.776091, 1744398214.783869, 1744398214.792085, 1744398214.8088276, 1744398214.8191545, 1744398214.824325, 1744398214.8291504, 1744398214.8491712, 1744398214.859236, 1744398214.8719933, 1744398214.8936303, 1744398214.9055297, 1744398214.9254677, 1744398214.9472954, 1744398214.9657178, 1744398214.9865868, 1744398215.0087404, 1744398215.0247536, 1744398215.0572295, 1744398215.075303, 1744398215.0830598, 1744398215.1029892, 1744398215.1114516, 1744398215.1394863, 1744398215.158495, 1744398215.1747541, 1744398215.1838176, 1744398215.204455, 1744398215.2134798, 1744398215.2217433, 1744398215.2338243, 1744398215.245656, 1744398215.2549229, 1744398215.2652752, 1744398215.2712538, 1744398215.3001175, 1744398215.3117452, 1744398215.326039, 1744398215.3467097, 1744398215.3641353, 1744398215.369014, 1744398215.378092, 1744398215.3889477, 1744398215.4060102, 1744398215.4142869, 1744398215.4265585, 1744398215.4300818, 1744398215.4343166, 1744398215.4557412, 1744398215.4722795, 1744398215.5146966, 1744398215.5227067], "episode_lengths": [1, 4, 9, 2, 3, 4, 1, 5, 2, 1, 1, 4, 1, 1, 3, 3, 3, 3, 3, 4, 2, 4, 3, 1, 3, 3, 2, 2, 3, 2, 3, 2, 1, 1, 3, 5, 3, 1, 2, 3, 1, 3, 2, 7, 3, 2, 2, 4, 1, 2, 2, 3, 1, 1, 1, 5, 1, 3, 6, 3, 5, 2, 4, 5, 6, 4, 7, 5, 2, 4, 2, 5, 4, 4, 2, 4, 1, 1, 3, 3, 2, 1, 1, 7, 3, 4, 2, 4, 1, 2, 3, 2, 2, 3, 1, 1, 3, 4, 11, 2], "episode_rewards": [-1.0, 0.5, 3.166666666666667, -1.0, -1.0, -1.0, -1.0, 3.333333333333333, -1.0, -1.0, -1.0, 1.0, -1.0, -1.0, -1.0, -1.0, -1.0, -1.0, -1.0, 3.5, -1.0, 3.5, -1.0, -1.0, -1.0, -1.0, 1.0, -1.0, -1.0, -1.0, -1.0, -1.0, -1.0, -1.0, -1.0, 3.333333333333333, -1.0, -1.0, 1.0, 4.0, -1.0, -1.0, -1.0, 0.5, -1.0, 1.0, -1.0, -1.0, -1.0, -1.0, -1.0, -1.0, -1.0, -1.0, -1.0, 3.333333333333333, -1.0, 1.0, 3.333333333333333, -1.0, 0.33333333333333326, -1.0, -1.0, 0.5, 3.0, 1.0, 1.0, 3.333333333333333, -1.0, -1.0, -1.0, 3.5, 1.0, -1.0, 1.0, -1.0, -1.0, -1.0, -1.0, -1.0, -1.0, -1.0, -1.0, 2.833333333333333, -1.0, -1.0, -1.0, -1.0, -1.0, -1.0, -1.0, -1.0, -1.0, -1.0, -1.0, -1.0, -1.0, 1.0, 2.45, -1.0], "episode_rewards_2": [1.0, 1.0, -2.0, 1.0, 1.0, 1.0, 1.0, -2.0, 1.0, 1.0, 1.0, 1.0, 1.0, 1.0, 1.0, 1.0, 1.0, 1.0, 1.0, -2.0, 1.0, -2.0, 1.0, 1.0, 1.0, 1.0, 1.0, 1.0, 1.0, 1.0, 1.0, 1.0, 1.0, 1.0, 1.0, -2.0, 1.0, 1.0, 1.0, -2.0, 1.0, 1.0, 1.0, 1.0, 1.0, 1.0, 1.0, 1.0, 1.0, 1.0, 1.0, 1.0, 1.0, 1.0, 1.0, -2.0, 1.0, 1.0, -2.0, 1.0, 1.0, 1.0, 1.0, 1.0, -2.0, 1.0, 1.0, -2.0, 1.0, 1.0, 1.0, -2.0, 1.0, 1.0, 1.0, 1.0, 1.0, 1.0, 1.0, 1.0, 1.0, 1.0, 1.0, -2.0, 1.0, 1.0, 1.0, 1.0, 1.0, 1.0, 1.0, 1.0, 1.0, 1.0, 1.0, 1.0, 1.0, 1.0, -2.0, 1.0], "episode_types": ["t", "t", "t", "t", "t", "t", "t", "t", "t", "t", "t", "t", "t", "t", "t", "t", "t", "t", "t", "t", "t", "t", "t", "t", "t", "t", "t", "t", "t", "t", "t", "t", "t", "t", "t", "t", "t", "t", "t", "t", "t", "t", "t", "t", "t", "t", "t", "t", "t", "t", "t", "t", "t", "t", "t", "t", "t", "t", "t", "t", "t", "t", "t", "t", "t", "t", "t", "t", "t", "t", "t", "t", "t", "t", "t", "t", "t", "t", "t", "t", "t", "t", "t", "t", "t", "t", "t", "t", "t", "t", "t", "t", "t", "t", "t", "t", "t", "t", "t", "t", "t"]}