{"initial_reset_timestamp": 1744398188.1367462, "timestamps": [1744398188.177368, 1744398188.1938694, 1744398188.204267, 1744398188.2223501, 1744398188.2265372, 1744398188.2379117, 1744398188.2573035, 1744398188.2668757, 1744398188.271146, 1744398188.3063147, 1744398188.3250992, 1744398188.3609643, 1744398188.3978999, 1744398188.4126213, 1744398188.4166486, 1744398188.4312835, 1744398188.449867, 1744398188.4568195, 1744398188.4764543, 1744398188.4933248, 1744398188.497561, 1744398188.5143766, 1744398188.5221937, 1744398188.530393, 1744398188.5345702, 1744398188.5386956, 1744398188.547971, 1744398188.5587068, 1744398188.5764105, 1744398188.6007905, 1744398188.609525, 1744398188.6207447, 1744398188.6250057, 1744398188.629677, 1744398188.6493015, 1744398188.6608932, 1744398188.6714833, 1744398188.6828017, 1744398188.702837, 1744398188.7203975, 1744398188.7288349, 1744398188.7360272, 1744398188.740178, 1744398188.7511315, 1744398188.7582397, 1744398188.7681224, 1744398188.7748237, 1744398188.8031728, 1744398188.814594, 1744398188.83016, 1744398188.841093, 1744398188.8488135, 1744398188.8532233, 1744398188.8609378, 1744398188.872954, 1744398188.909658, 1744398188.9371116, 1744398188.9415638, 1744398188.9495568, 1744398188.9866498, 1744398188.9921856, 1744398188.9996595, 1744398189.0172448, 1744398189.0219154, 1744398189.0422165, 1744398189.0545099, 1744398189.0654569, 1744398189.0776272, 1744398189.0861213, 1744398189.0905027, 1744398189.101678, 1744398189.1128273, 1744398189.1239023, 1744398189.133995, 1744398189.146841, 1744398189.1668382, 1744398189.1809301, 1744398189.1936011, 1744398189.2021422, 1744398189.2241037, 1744398189.2536616, 1744398189.274271, 1744398189.2794027, 1744398189.2871237, 1744398189.298443, 1744398189.302639, 1744398189.3259425, 1744398189.330774, 1744398189.3342118, 1744398189.338193, 1744398189.3420293, 1744398189.3630815, 1744398189.3786557, 1744398189.3894744, 1744398189.394107, 1744398189.400138, 1744398189.431622, 1744398189.45755, 1744398189.4656649, 1744398189.4740639], "episode_lengths": [6, 2, 3, 5, 1, 3, 2, 2, 1, 10, 5, 8, 8, 4, 1, 4, 3, 2, 4, 3, 1, 2, 2, 2, 1, 1, 1, 3, 4, 5, 2, 2, 1, 1, 5, 3, 2, 3, 4, 5, 2, 1, 1, 2, 1, 2, 1, 5, 2, 4, 3, 1, 1, 2, 3, 10, 5, 1, 2, 10, 1, 1, 3, 1, 4, 3, 2, 3, 2, 1, 3, 2, 3, 2, 3, 5, 3, 3, 2, 6, 7, 1, 1, 2, 3, 1, 5, 1, 1, 1, 1, 4, 4, 1, 1, 1, 6, 7, 2, 2], "episode_rewards": [-1.0, -1.0, -1.0, 1.0, -1.0, -1.0, -1.0, -1.0, -1.0, 3.125, -1.0, 0.5, 3.2, -1.0, -1.0, 1.0, -1.0, -1.0, 3.5, -1.0, -1.0, 1.0, -1.0, 1.0, -1.0, -1.0, -1.0, -1.0, 1.0, -1.0, -1.0, -1.0, -1.0, -1.0, 3.333333333333333, -1.0, -1.0, -1.0, -1.0, 3.5, -1.0, -1.0, -1.0, -1.0, -1.0, -1.0, -1.0, -1.0, -1.0, -1.0, -1.0, -1.0, -1.0, 4.0, -1.0, 1.0, -1.0, -1.0, -1.0, 3.142857142857143, -1.0, -1.0, 4.0, -1.0, -1.0, -1.0, -1.0, -1.0, -1.0, -1.0, -1.0, -1.0, -1.0, -1.0, -1.0, 3.333333333333333, -1.0, -1.0, -1.0, 3.25, -1.0, -1.0, -1.0, -1.0, -1.0, -1.0, 3.333333333333333, -1.0, -1.0, -1.0, -1.0, -1.0, -1.0, -1.0, -1.0, -1.0, 1.0, 2.833333333333333, -1.0, -1.0], "episode_rewards_2": [1.0, 1.0, 1.0, 1.0, 1.0, 1.0, 1.0, 1.0, 1.0, -2.0, 1.0, 1.0, -2.0, 1.0, 1.0, 1.0, 1.0, 1.0, -2.0, 1.0, 1.0, 1.0, 1.0, 1.0, 1.0, 1.0, 1.0, 1.0, 1.0, 1.0, 1.0, 1.0, 1.0, 1.0, -2.0, 1.0, 1.0, 1.0, 1.0, -2.0, 1.0, 1.0, 1.0, 1.0, 1.0, 1.0, 1.0, 1.0, 1.0, 1.0, 1.0, 1.0, 1.0, -2.0, 1.0, 1.0, 1.0, 1.0, 1.0, -2.0, 1.0, 1.0, -2.0, 1.0, 1.0, 1.0, 1.0, 1.0, 1.0, 1.0, 1.0, 1.0, 1.0, 1.0, 1.0, -2.0, 1.0, 1.0, 1.0, -2.0, 1.0, 1.0, 1.0, 1.0, 1.0, 1.0, -2.0, 1.0, 1.0, 1.0, 1.0, 1.0, 1.0, 1.0, 1.0, 1.0, 1.0, -2.0, 1.0, 1.0], "episode_types": ["t", "t", "t", "t", "t", "t", "t", "t", "t", "t", "t", "t", "t", "t", "t", "t", "t", "t", "t", "t", "t", "t", "t", "t", "t", "t", "t", "t", "t", "t", "t", "t", "t", "t", "t", "t", "t", "t", "t", "t", "t", "t", "t", "t", "t", "t", "t", "t", "t", "t", "t", "t", "t", "t", "t", "t", "t", "t", "t", "t", "t", "t", "t", "t", "t", "t", "t", "t", "t", "t", "t", "t", "t", "t", "t", "t", "t", "t", "t", "t", "t", "t", "t", "t", "t", "t", "t", "t", "t", "t", "t", "t", "t", "t", "t", "t", "t", "t", "t", "t", "t"]}