{"initial_reset_timestamp": 1744397929.7761168, "timestamps": [1744397929.783769, 1744397929.798457, 1744397929.8082826, 1744397929.8122818, 1744397929.8166807, 1744397929.824352, 1744397929.8368368, 1744397929.8430839, 1744397929.8446944, 1744397929.8532553, 1744397929.8549082, 1744397929.862938, 1744397929.869659, 1744397929.8726494, 1744397929.884649, 1744397929.8914645, 1744397929.908707, 1744397929.9102607, 1744397929.911754, 1744397929.9168963, 1744397929.9184477, 1744397929.924094, 1744397929.9298978, 1744397929.936334, 1744397929.938032, 1744397929.9401045, 1744397929.9517517, 1744397929.9582052, 1744397929.9610357, 1744397929.9628167, 1744397929.9647596, 1744397929.972321, 1744397929.9824128, 1744397929.9951189, 1744397929.9979908, 1744397930.0012891, 1744397930.0119362, 1744397930.0175495, 1744397930.0399172, 1744397930.046494, 1744397930.052306, 1744397930.0622652, 1744397930.0649793, 1744397930.0696805, 1744397930.0768294, 1744397930.0797637, 1744397930.0921829, 1744397930.1055367, 1744397930.1123416, 1744397930.1208508, 1744397930.1260867, 1744397930.139214, 1744397930.1425762, 1744397930.150419, 1744397930.153656, 1744397930.1599915, 1744397930.1657705, 1744397930.1694584, 1744397930.1779518, 1744397930.1846583, 1744397930.1926832, 1744397930.2040987, 1744397930.205984, 1744397930.213907, 1744397930.222061, 1744397930.2263749, 1744397930.2376473, 1744397930.2409573, 1744397930.2499108, 1744397930.2593894, 1744397930.2610002, 1744397930.2676554, 1744397930.2720706, 1744397930.2787185, 1744397930.2865303, 1744397930.2931845, 1744397930.3053641, 1744397930.3221328, 1744397930.3251183, 1744397930.3374844, 1744397930.3470094, 1744397930.3576376, 1744397930.35942, 1744397930.368291, 1744397930.3729253, 1744397930.377007, 1744397930.3878415, 1744397930.3896358, 1744397930.392614, 1744397930.3972628, 1744397930.3988087, 1744397930.4065871, 1744397930.41169, 1744397930.4180958, 1744397930.4197714, 1744397930.4213564, 1744397930.4274166, 1744397930.4396408, 1744397930.4546583, 1744397930.4602845], "episode_lengths": [2, 2, 6, 3, 3, 6, 4, 4, 1, 6, 1, 2, 3, 2, 4, 5, 8, 1, 1, 4, 1, 1, 2, 3, 1, 1, 3, 5, 2, 1, 1, 2, 2, 4, 1, 1, 3, 2, 10, 4, 4, 2, 1, 3, 5, 2, 4, 9, 5, 1, 3, 3, 2, 5, 2, 4, 1, 1, 5, 5, 6, 3, 1, 6, 1, 3, 3, 2, 6, 6, 1, 1, 1, 3, 5, 5, 3, 11, 2, 3, 7, 2, 1, 6, 3, 3, 3, 1, 2, 3, 1, 1, 3, 4, 1, 1, 1, 4, 7, 4], "episode_rewards": [-1.0, -1.0, 1.0, -1.0, 4.0, -1.0, -1.0, -1.0, -1.0, 3.333333333333333, -1.0, -1.0, -1.0, -1.0, 0.5, -1.0, 2.6666666666666665, -1.0, -1.0, -1.0, -1.0, -1.0, -1.0, -1.0, -1.0, -1.0, -1.0, 1.0, -1.0, -1.0, -1.0, -1.0, -1.0, -1.0, -1.0, -1.0, -1.0, -1.0, 0.5, -1.0, -1.0, 1.0, -1.0, 4.0, 1.0, -1.0, 1.0, 0.33333333333333326, 0.33333333333333326, -1.0, -1.0, -1.0, -1.0, 0.5, -1.0, -1.0, -1.0, -1.0, -1.0, 3.333333333333333, 3.25, -1.0, -1.0, -1.0, -1.0, 1.0, 1.0, -1.0, 0.33333333333333326, -1.0, -1.0, -1.0, -1.0, -1.0, 3.333333333333333, -1.0, -1.0, 0.5, -1.0, -1.0, 0.33333333333333326, -1.0, -1.0, -1.0, -1.0, -1.0, -1.0, -1.0, -1.0, -1.0, -1.0, -1.0, 1.0, 4.0, -1.0, -1.0, -1.0, -1.0, 0.33333333333333326, -1.0], "episode_rewards_2": [1.0, 1.0, 1.0, 1.0, -2.0, 1.0, 1.0, 1.0, 1.0, -2.0, 1.0, 1.0, 1.0, 1.0, 1.0, 1.0, -2.0, 1.0, 1.0, 1.0, 1.0, 1.0, 1.0, 1.0, 1.0, 1.0, 1.0, 1.0, 1.0, 1.0, 1.0, 1.0, 1.0, 1.0, 1.0, 1.0, 1.0, 1.0, 1.0, 1.0, 1.0, 1.0, 1.0, -2.0, 1.0, 1.0, 1.0, 1.0, 1.0, 1.0, 1.0, 1.0, 1.0, 1.0, 1.0, 1.0, 1.0, 1.0, 1.0, -2.0, -2.0, 1.0, 1.0, 1.0, 1.0, 1.0, 1.0, 1.0, 1.0, 1.0, 1.0, 1.0, 1.0, 1.0, -2.0, 1.0, 1.0, 1.0, 1.0, 1.0, 1.0, 1.0, 1.0, 1.0, 1.0, 1.0, 1.0, 1.0, 1.0, 1.0, 1.0, 1.0, 1.0, -2.0, 1.0, 1.0, 1.0, 1.0, 1.0, 1.0], "episode_types": ["t", "t", "t", "t", "t", "t", "t", "t", "t", "t", "t", "t", "t", "t", "t", "t", "t", "t", "t", "t", "t", "t", "t", "t", "t", "t", "t", "t", "t", "t", "t", "t", "t", "t", "t", "t", "t", "t", "t", "t", "t", "t", "t", "t", "t", "t", "t", "t", "t", "t", "t", "t", "t", "t", "t", "t", "t", "t", "t", "t", "t", "t", "t", "t", "t", "t", "t", "t", "t", "t", "t", "t", "t", "t", "t", "t", "t", "t", "t", "t", "t", "t", "t", "t", "t", "t", "t", "t", "t", "t", "t", "t", "t", "t", "t", "t", "t", "t", "t", "t", "t"]}