{"initial_reset_timestamp": 1744400900.8125608, "timestamps": [1744400900.8178914, 1744400900.828425, 1744400900.8300247, 1744400900.8314981, 1744400900.8330843, 1744400900.837331, 1744400900.8483407, 1744400900.86338, 1744400900.8719254, 1744400900.873326, 1744400900.8746655, 1744400900.8873699, 1744400900.8930373, 1744400900.8966763, 1744400900.900346, 1744400900.91001, 1744400900.9232078, 1744400900.9282439, 1744400900.9436562, 1744400900.9451048, 1744400900.9516668, 1744400900.9689837, 1744400900.974207, 1744400900.9833362, 1744400900.9891517, 1744400900.9929783, 1744400901.013342, 1744400901.0174413, 1744400901.0189204, 1744400901.028164, 1744400901.0328317, 1744400901.0389783, 1744400901.0455954, 1744400901.0628364, 1744400901.0756123, 1744400901.0775058, 1744400901.094886, 1744400901.102199, 1744400901.1037574, 1744400901.1082587, 1744400901.1099002, 1744400901.119894, 1744400901.1256635, 1744400901.1281667, 1744400901.1316721, 1744400901.1330175, 1744400901.1463664, 1744400901.1556027, 1744400901.1633246, 1744400901.1715965, 1744400901.178089, 1744400901.192439, 1744400901.209941, 1744400901.2147477, 1744400901.216182, 1744400901.226878, 1744400901.2368953, 1744400901.24964, 1744400901.2619162, 1744400901.2674992, 1744400901.2715263, 1744400901.287949, 1744400901.2950187, 1744400901.29645, 1744400901.3031168, 1744400901.3045065, 1744400901.3134294, 1744400901.3240128, 1744400901.3284757, 1744400901.3405602, 1744400901.3486416, 1744400901.35679, 1744400901.362896, 1744400901.3751028, 1744400901.3788512, 1744400901.388235, 1744400901.3986154, 1744400901.4066868, 1744400901.4165065, 1744400901.426348, 1744400901.4463985, 1744400901.4584064, 1744400901.4599292, 1744400901.462618, 1744400901.481347, 1744400901.4886007, 1744400901.5121145, 1744400901.515855, 1744400901.5268397, 1744400901.5410316, 1744400901.5461192, 1744400901.5620227, 1744400901.564617, 1744400901.5724788, 1744400901.5856986, 1744400901.5872662, 1744400901.599547, 1744400901.6035001, 1744400901.6106238, 1744400901.6186686], "episode_lengths": [2, 2, 1, 1, 1, 3, 4, 11, 7, 1, 1, 6, 5, 3, 3, 8, 2, 4, 12, 1, 6, 8, 4, 8, 5, 2, 12, 3, 1, 6, 4, 1, 1, 10, 9, 1, 7, 6, 1, 3, 1, 3, 5, 2, 3, 1, 5, 2, 4, 4, 3, 5, 10, 4, 1, 9, 3, 10, 11, 4, 3, 4, 6, 1, 6, 1, 1, 8, 3, 7, 5, 2, 4, 9, 3, 2, 3, 4, 8, 9, 12, 3, 1, 2, 14, 6, 14, 3, 9, 5, 4, 7, 2, 7, 8, 1, 3, 3, 6, 7], "episode_rewards": [-1.0, -1.0, -1.0, -1.0, -1.0, -1.0, 4.0, 2.5, -1.0, -1.0, -1.0, 0.33333333333333326, -1.0, -1.0, -1.0, 0.19999999999999996, -1.0, -1.0, 0.16666666666666674, -1.0, 1.0, 0.33333333333333326, 1.0, -1.0, 3.5, -1.0, 2.416666666666667, -1.0, -1.0, -1.0, -1.0, -1.0, -1.0, 0.125, 0.33333333333333326, -1.0, -1.0, 0.5, -1.0, 1.0, -1.0, -1.0, 1.0, -1.0, -1.0, -1.0, 1.0, -1.0, 0.5, 3.5, -1.0, 0.33333333333333326, 0.16666666666666674, -1.0, -1.0, 2.583333333333333, -1.0, 0.33333333333333326, 0.19999999999999996, -1.0, -1.0, 4.0, 0.33333333333333326, -1.0, 0.25, -1.0, -1.0, 0.19999999999999996, -1.0, 3.25, -1.0, -1.0, 1.0, 3.166666666666667, -1.0, -1.0, -1.0, -1.0, -1.0, 2.583333333333333, 0.16666666666666674, 4.0, -1.0, -1.0, 2.4444444444444446, -1.0, 0.33333333333333326, -1.0, 0.1428571428571428, 1.0, 3.5, 2.833333333333333, -1.0, -1.0, 2.75, -1.0, -1.0, 1.0, -1.0, 0.33333333333333326], "episode_rewards_2": [1.0, 1.0, 1.0, 1.0, 1.0, 1.0, -2.0, -2.0, 1.0, 1.0, 1.0, 1.0, 1.0, 1.0, 1.0, 1.0, 1.0, 1.0, 1.0, 1.0, 1.0, 1.0, 1.0, 1.0, -2.0, 1.0, -2.0, 1.0, 1.0, 1.0, 1.0, 1.0, 1.0, 1.0, 1.0, 1.0, 1.0, 1.0, 1.0, 1.0, 1.0, 1.0, 1.0, 1.0, 1.0, 1.0, 1.0, 1.0, 1.0, -2.0, 1.0, 1.0, 1.0, 1.0, 1.0, -2.0, 1.0, 1.0, 1.0, 1.0, 1.0, -2.0, 1.0, 1.0, 1.0, 1.0, 1.0, 1.0, 1.0, -2.0, 1.0, 1.0, 1.0, -2.0, 1.0, 1.0, 1.0, 1.0, 1.0, -2.0, 1.0, -2.0, 1.0, 1.0, -2.0, 1.0, 1.0, 1.0, 1.0, 1.0, -2.0, -2.0, 1.0, 1.0, -2.0, 1.0, 1.0, 1.0, 1.0, 1.0], "episode_types": ["t", "t", "t", "t", "t", "t", "t", "t", "t", "t", "t", "t", "t", "t", "t", "t", "t", "t", "t", "t", "t", "t", "t", "t", "t", "t", "t", "t", "t", "t", "t", "t", "t", "t", "t", "t", "t", "t", "t", "t", "t", "t", "t", "t", "t", "t", "t", "t", "t", "t", "t", "t", "t", "t", "t", "t", "t", "t", "t", "t", "t", "t", "t", "t", "t", "t", "t", "t", "t", "t", "t", "t", "t", "t", "t", "t", "t", "t", "t", "t", "t", "t", "t", "t", "t", "t", "t", "t", "t", "t", "t", "t", "t", "t", "t", "t", "t", "t", "t", "t", "t"]}