{"initial_reset_timestamp": 1744398241.2668946, "timestamps": [1744398241.2849462, 1744398241.299359, 1744398241.3123324, 1744398241.3285778, 1744398241.3369772, 1744398241.3554099, 1744398241.376002, 1744398241.385561, 1744398241.3901122, 1744398241.4173374, 1744398241.4279022, 1744398241.4484296, 1744398241.4529455, 1744398241.4796817, 1744398241.5249922, 1744398241.5526612, 1744398241.559945, 1744398241.5828876, 1744398241.6060944, 1744398241.6206248, 1744398241.6289613, 1744398241.65612, 1744398241.6649418, 1744398241.680858, 1744398241.707002, 1744398241.7114935, 1744398241.7265196, 1744398241.7497206, 1744398241.7683942, 1744398241.7728548, 1744398241.7928884, 1744398241.8180912, 1744398241.822911, 1744398241.8274257, 1744398241.8319085, 1744398241.8517332, 1744398241.8867793, 1744398241.898815, 1744398241.9421577, 1744398241.95813, 1744398241.9662611, 1744398242.0135922, 1744398242.0179641, 1744398242.0307686, 1744398242.0423894, 1744398242.059493, 1744398242.0796897, 1744398242.0888484, 1744398242.0973558, 1744398242.105744, 1744398242.1192045, 1744398242.1320333, 1744398242.1402977, 1744398242.1487408, 1744398242.157269, 1744398242.1661882, 1744398242.1769812, 1744398242.191693, 1744398242.1962476, 1744398242.200754, 1744398242.2164235, 1744398242.2311878, 1744398242.241987, 1744398242.2463963, 1744398242.25457, 1744398242.263846, 1744398242.285883, 1744398242.3009722, 1744398242.306205, 1744398242.3141038, 1744398242.33366, 1744398242.3563077, 1744398242.360733, 1744398242.381113, 1744398242.3978565, 1744398242.4343152, 1744398242.444105, 1744398242.4732375, 1744398242.493933, 1744398242.5117428, 1744398242.524987, 1744398242.5646892, 1744398242.5818415, 1744398242.5862467, 1744398242.6026766, 1744398242.6191201, 1744398242.6377354, 1744398242.642906, 1744398242.6580603, 1744398242.6805205, 1744398242.685, 1744398242.703703, 1744398242.7166305, 1744398242.750083, 1744398242.773165, 1744398242.7780144, 1744398242.7979114, 1744398242.822096, 1744398242.8343363, 1744398242.855154], "episode_lengths": [4, 2, 3, 4, 2, 4, 3, 1, 1, 5, 2, 4, 1, 6, 10, 7, 1, 6, 6, 4, 2, 4, 2, 3, 7, 1, 3, 6, 3, 1, 5, 4, 1, 1, 1, 5, 5, 3, 11, 4, 2, 10, 1, 1, 3, 4, 3, 2, 2, 2, 3, 1, 2, 2, 2, 2, 1, 3, 1, 1, 4, 2, 1, 1, 2, 2, 3, 3, 1, 2, 4, 3, 1, 5, 4, 9, 1, 5, 3, 3, 3, 7, 4, 1, 3, 4, 3, 1, 4, 5, 1, 4, 3, 8, 5, 1, 4, 6, 3, 5], "episode_rewards": [-1.0, -1.0, -1.0, 1.0, 1.0, -1.0, -1.0, -1.0, -1.0, 1.0, -1.0, 4.0, -1.0, 1.0, 2.666666666666667, 0.25, -1.0, -1.0, 1.0, 3.5, 1.0, -1.0, -1.0, -1.0, 3.2, -1.0, -1.0, 1.0, -1.0, -1.0, -1.0, -1.0, -1.0, -1.0, -1.0, 0.5, -1.0, -1.0, 2.642857142857143, -1.0, -1.0, 0.5, -1.0, -1.0, 1.0, -1.0, 1.0, -1.0, -1.0, -1.0, -1.0, -1.0, -1.0, -1.0, -1.0, -1.0, -1.0, -1.0, -1.0, -1.0, -1.0, -1.0, -1.0, -1.0, -1.0, -1.0, -1.0, -1.0, -1.0, -1.0, -1.0, -1.0, -1.0, 3.5, 0.5, 0.5, -1.0, -1.0, -1.0, -1.0, -1.0, 0.33333333333333326, 3.5, -1.0, -1.0, -1.0, -1.0, -1.0, -1.0, -1.0, -1.0, -1.0, -1.0, 2.6666666666666665, -1.0, -1.0, 3.5, 0.5, -1.0, 1.0], "episode_rewards_2": [1.0, 1.0, 1.0, 1.0, 1.0, 1.0, 1.0, 1.0, 1.0, 1.0, 1.0, -2.0, 1.0, 1.0, -2.0, 1.0, 1.0, 1.0, 1.0, -2.0, 1.0, 1.0, 1.0, 1.0, -2.0, 1.0, 1.0, 1.0, 1.0, 1.0, 1.0, 1.0, 1.0, 1.0, 1.0, 1.0, 1.0, 1.0, -2.0, 1.0, 1.0, 1.0, 1.0, 1.0, 1.0, 1.0, 1.0, 1.0, 1.0, 1.0, 1.0, 1.0, 1.0, 1.0, 1.0, 1.0, 1.0, 1.0, 1.0, 1.0, 1.0, 1.0, 1.0, 1.0, 1.0, 1.0, 1.0, 1.0, 1.0, 1.0, 1.0, 1.0, 1.0, -2.0, 1.0, 1.0, 1.0, 1.0, 1.0, 1.0, 1.0, 1.0, -2.0, 1.0, 1.0, 1.0, 1.0, 1.0, 1.0, 1.0, 1.0, 1.0, 1.0, -2.0, 1.0, 1.0, -2.0, 1.0, 1.0, 1.0], "episode_types": ["t", "t", "t", "t", "t", "t", "t", "t", "t", "t", "t", "t", "t", "t", "t", "t", "t", "t", "t", "t", "t", "t", "t", "t", "t", "t", "t", "t", "t", "t", "t", "t", "t", "t", "t", "t", "t", "t", "t", "t", "t", "t", "t", "t", "t", "t", "t", "t", "t", "t", "t", "t", "t", "t", "t", "t", "t", "t", "t", "t", "t", "t", "t", "t", "t", "t", "t", "t", "t", "t", "t", "t", "t", "t", "t", "t", "t", "t", "t", "t", "t", "t", "t", "t", "t", "t", "t", "t", "t", "t", "t", "t", "t", "t", "t", "t", "t", "t", "t", "t", "t"]}