{"initial_reset_timestamp": 1744397999.7983317, "timestamps": [1744397999.8178227, 1744397999.8363826, 1744397999.8423922, 1744397999.8521216, 1744397999.8556385, 1744397999.8713946, 1744397999.885457, 1744397999.892738, 1744397999.9094276, 1744397999.912881, 1744397999.9165223, 1744397999.9394464, 1744397999.9523375, 1744397999.9561377, 1744397999.97117, 1744397999.9731588, 1744397999.9872558, 1744397999.993247, 1744398000.0062518, 1744398000.0186188, 1744398000.0246572, 1744398000.0465255, 1744398000.0554712, 1744398000.078751, 1744398000.0900338, 1744398000.096242, 1744398000.1090946, 1744398000.1235042, 1744398000.133634, 1744398000.1421854, 1744398000.1548033, 1744398000.1694384, 1744398000.1754174, 1744398000.1849473, 1744398000.2041903, 1744398000.210866, 1744398000.2281137, 1744398000.24276, 1744398000.2468207, 1744398000.2800238, 1744398000.2828207, 1744398000.2999196, 1744398000.3041577, 1744398000.308122, 1744398000.3172886, 1744398000.3227947, 1744398000.3448036, 1744398000.3619502, 1744398000.3737183, 1744398000.3863285, 1744398000.392186, 1744398000.4137907, 1744398000.4178114, 1744398000.4286945, 1744398000.43072, 1744398000.4343705, 1744398000.4521563, 1744398000.46408, 1744398000.4770024, 1744398000.487038, 1744398000.4930222, 1744398000.5153449, 1744398000.537313, 1744398000.5430675, 1744398000.5464337, 1744398000.562832, 1744398000.5787275, 1744398000.5911438, 1744398000.598168, 1744398000.611837, 1744398000.6144497, 1744398000.633569, 1744398000.656818, 1744398000.6605513, 1744398000.6940217, 1744398000.704035, 1744398000.7153409, 1744398000.7223604, 1744398000.7279701, 1744398000.7378953, 1744398000.7439823, 1744398000.7617946, 1744398000.7757273, 1744398000.7834492, 1744398000.7887168, 1744398000.7927403, 1744398000.8093169, 1744398000.820146, 1744398000.8578668, 1744398000.8615096, 1744398000.8768034, 1744398000.8928998, 1744398000.9019601, 1744398000.9248686, 1744398000.9378204, 1744398000.953953, 1744398000.9680817, 1744398000.9769, 1744398000.989658, 1744398001.0023742], "episode_lengths": [5, 3, 2, 2, 1, 4, 3, 2, 3, 1, 1, 6, 4, 1, 6, 1, 3, 2, 2, 4, 2, 4, 2, 9, 4, 2, 1, 4, 1, 2, 2, 2, 1, 2, 5, 1, 3, 3, 1, 11, 1, 3, 1, 1, 3, 3, 2, 4, 2, 3, 2, 4, 1, 5, 1, 1, 1, 2, 3, 3, 3, 3, 5, 3, 1, 1, 3, 2, 2, 4, 1, 2, 6, 2, 5, 4, 2, 2, 1, 3, 2, 3, 3, 1, 1, 1, 3, 2, 10, 1, 4, 2, 1, 6, 5, 8, 1, 1, 3, 5], "episode_rewards": [-1.0, -1.0, -1.0, -1.0, -1.0, -1.0, -1.0, -1.0, -1.0, -1.0, -1.0, 0.25, -1.0, -1.0, 0.33333333333333326, -1.0, -1.0, -1.0, -1.0, 1.0, -1.0, -1.0, -1.0, 3.166666666666667, 3.5, -1.0, -1.0, 3.5, -1.0, -1.0, -1.0, -1.0, -1.0, -1.0, -1.0, -1.0, -1.0, -1.0, -1.0, 3.125, -1.0, -1.0, -1.0, -1.0, -1.0, -1.0, -1.0, 4.0, 1.0, 1.0, -1.0, 0.5, -1.0, 0.5, -1.0, -1.0, -1.0, -1.0, -1.0, -1.0, -1.0, -1.0, 3.333333333333333, -1.0, -1.0, -1.0, 4.0, 4.0, -1.0, 1.0, -1.0, -1.0, 1.0, -1.0, -1.0, -1.0, -1.0, -1.0, -1.0, -1.0, -1.0, 4.0, -1.0, -1.0, -1.0, -1.0, -1.0, -1.0, 3.125, -1.0, 4.0, -1.0, -1.0, 1.0, -1.0, 1.0, -1.0, -1.0, -1.0, 0.33333333333333326], "episode_rewards_2": [1.0, 1.0, 1.0, 1.0, 1.0, 1.0, 1.0, 1.0, 1.0, 1.0, 1.0, 1.0, 1.0, 1.0, 1.0, 1.0, 1.0, 1.0, 1.0, 1.0, 1.0, 1.0, 1.0, -2.0, -2.0, 1.0, 1.0, -2.0, 1.0, 1.0, 1.0, 1.0, 1.0, 1.0, 1.0, 1.0, 1.0, 1.0, 1.0, -2.0, 1.0, 1.0, 1.0, 1.0, 1.0, 1.0, 1.0, -2.0, 1.0, 1.0, 1.0, 1.0, 1.0, 1.0, 1.0, 1.0, 1.0, 1.0, 1.0, 1.0, 1.0, 1.0, -2.0, 1.0, 1.0, 1.0, -2.0, -2.0, 1.0, 1.0, 1.0, 1.0, 1.0, 1.0, 1.0, 1.0, 1.0, 1.0, 1.0, 1.0, 1.0, -2.0, 1.0, 1.0, 1.0, 1.0, 1.0, 1.0, -2.0, 1.0, -2.0, 1.0, 1.0, 1.0, 1.0, 1.0, 1.0, 1.0, 1.0, 1.0], "episode_types": ["t", "t", "t", "t", "t", "t", "t", "t", "t", "t", "t", "t", "t", "t", "t", "t", "t", "t", "t", "t", "t", "t", "t", "t", "t", "t", "t", "t", "t", "t", "t", "t", "t", "t", "t", "t", "t", "t", "t", "t", "t", "t", "t", "t", "t", "t", "t", "t", "t", "t", "t", "t", "t", "t", "t", "t", "t", "t", "t", "t", "t", "t", "t", "t", "t", "t", "t", "t", "t", "t", "t", "t", "t", "t", "t", "t", "t", "t", "t", "t", "t", "t", "t", "t", "t", "t", "t", "t", "t", "t", "t", "t", "t", "t", "t", "t", "t", "t", "t", "t", "t"]}