{"initial_reset_timestamp": 1744398227.5665555, "timestamps": [1744398227.593375, 1744398227.604148, 1744398227.614608, 1744398227.6262417, 1744398227.6305115, 1744398227.6785865, 1744398227.690352, 1744398227.700671, 1744398227.7095985, 1744398227.7146068, 1744398227.7273226, 1744398227.7350574, 1744398227.7430947, 1744398227.755357, 1744398227.767613, 1744398227.7756555, 1744398227.7875352, 1744398227.81867, 1744398227.865889, 1744398227.8793285, 1744398227.8915377, 1744398227.9147785, 1744398227.919469, 1744398227.9395833, 1744398227.951712, 1744398227.9561868, 1744398227.9747663, 1744398227.9832811, 1744398227.9938378, 1744398227.998372, 1744398228.002813, 1744398228.0207198, 1744398228.0322542, 1744398228.040746, 1744398228.0454314, 1744398228.0573218, 1744398228.0768383, 1744398228.0812752, 1744398228.0862222, 1744398228.095452, 1744398228.1029842, 1744398228.1369998, 1744398228.145584, 1744398228.1564634, 1744398228.1653843, 1744398228.1860116, 1744398228.1974225, 1744398228.2034166, 1744398228.216813, 1744398228.2257218, 1744398228.238474, 1744398228.2662969, 1744398228.2783062, 1744398228.2826462, 1744398228.2979748, 1744398228.306134, 1744398228.3206217, 1744398228.3337843, 1744398228.3417444, 1744398228.3599105, 1744398228.3758576, 1744398228.4053144, 1744398228.4169917, 1744398228.4276206, 1744398228.4366052, 1744398228.445608, 1744398228.4590027, 1744398228.4676936, 1744398228.472209, 1744398228.4800775, 1744398228.4845536, 1744398228.5070283, 1744398228.515486, 1744398228.5226603, 1744398228.54503, 1744398228.5534205, 1744398228.5751436, 1744398228.5801737, 1744398228.5897653, 1744398228.5979111, 1744398228.6058493, 1744398228.6247065, 1744398228.6291883, 1744398228.639998, 1744398228.6747005, 1744398228.691315, 1744398228.711413, 1744398228.722998, 1744398228.72766, 1744398228.7433794, 1744398228.7478044, 1744398228.7673512, 1744398228.7830708, 1744398228.7876732, 1744398228.8005397, 1744398228.812892, 1744398228.824348, 1744398228.8750021, 1744398228.879553, 1744398228.8913424], "episode_lengths": [6, 1, 2, 1, 1, 11, 1, 2, 2, 1, 3, 1, 2, 3, 3, 2, 2, 6, 10, 3, 3, 5, 1, 5, 3, 1, 2, 2, 2, 1, 1, 3, 3, 2, 1, 3, 2, 1, 1, 2, 2, 7, 2, 3, 2, 3, 1, 1, 3, 2, 3, 4, 3, 1, 2, 2, 2, 3, 2, 5, 4, 6, 3, 1, 2, 2, 2, 2, 1, 2, 1, 5, 2, 2, 4, 2, 4, 1, 2, 2, 2, 3, 1, 1, 9, 4, 3, 3, 1, 4, 1, 3, 2, 1, 3, 3, 1, 11, 1, 1], "episode_rewards": [3.0, -1.0, -1.0, -1.0, -1.0, 0.5, -1.0, 1.0, -1.0, -1.0, -1.0, -1.0, -1.0, -1.0, -1.0, -1.0, -1.0, 0.25, 3.142857142857143, -1.0, -1.0, 0.33333333333333326, -1.0, -1.0, 4.0, -1.0, -1.0, -1.0, -1.0, -1.0, -1.0, -1.0, -1.0, -1.0, -1.0, -1.0, -1.0, -1.0, -1.0, -1.0, -1.0, 0.19999999999999996, -1.0, -1.0, -1.0, -1.0, -1.0, -1.0, -1.0, -1.0, -1.0, -1.0, -1.0, -1.0, -1.0, 4.0, -1.0, -1.0, -1.0, -1.0, -1.0, -1.0, -1.0, -1.0, -1.0, -1.0, -1.0, -1.0, -1.0, -1.0, -1.0, -1.0, -1.0, -1.0, -1.0, -1.0, -1.0, -1.0, -1.0, -1.0, -1.0, -1.0, -1.0, -1.0, 1.0, -1.0, -1.0, 4.0, -1.0, -1.0, -1.0, -1.0, -1.0, -1.0, -1.0, -1.0, -1.0, 2.45, -1.0, -1.0], "episode_rewards_2": [-2.0, 1.0, 1.0, 1.0, 1.0, 1.0, 1.0, 1.0, 1.0, 1.0, 1.0, 1.0, 1.0, 1.0, 1.0, 1.0, 1.0, 1.0, -2.0, 1.0, 1.0, 1.0, 1.0, 1.0, -2.0, 1.0, 1.0, 1.0, 1.0, 1.0, 1.0, 1.0, 1.0, 1.0, 1.0, 1.0, 1.0, 1.0, 1.0, 1.0, 1.0, 1.0, 1.0, 1.0, 1.0, 1.0, 1.0, 1.0, 1.0, 1.0, 1.0, 1.0, 1.0, 1.0, 1.0, -2.0, 1.0, 1.0, 1.0, 1.0, 1.0, 1.0, 1.0, 1.0, 1.0, 1.0, 1.0, 1.0, 1.0, 1.0, 1.0, 1.0, 1.0, 1.0, 1.0, 1.0, 1.0, 1.0, 1.0, 1.0, 1.0, 1.0, 1.0, 1.0, 1.0, 1.0, 1.0, -2.0, 1.0, 1.0, 1.0, 1.0, 1.0, 1.0, 1.0, 1.0, 1.0, -2.0, 1.0, 1.0], "episode_types": ["t", "t", "t", "t", "t", "t", "t", "t", "t", "t", "t", "t", "t", "t", "t", "t", "t", "t", "t", "t", "t", "t", "t", "t", "t", "t", "t", "t", "t", "t", "t", "t", "t", "t", "t", "t", "t", "t", "t", "t", "t", "t", "t", "t", "t", "t", "t", "t", "t", "t", "t", "t", "t", "t", "t", "t", "t", "t", "t", "t", "t", "t", "t", "t", "t", "t", "t", "t", "t", "t", "t", "t", "t", "t", "t", "t", "t", "t", "t", "t", "t", "t", "t", "t", "t", "t", "t", "t", "t", "t", "t", "t", "t", "t", "t", "t", "t", "t", "t", "t", "t"]}