{"initial_reset_timestamp": 1744397990.8978713, "timestamps": [1744397990.9085772, 1744397990.918011, 1744397990.949728, 1744397990.958459, 1744397990.9615235, 1744397990.968848, 1744397990.9783719, 1744397990.9834394, 1744397990.986941, 1744397990.993822, 1744397990.9976165, 1744397991.0193324, 1744397991.0254395, 1744397991.0332735, 1744397991.0383413, 1744397991.0401306, 1744397991.0543132, 1744397991.0580144, 1744397991.06717, 1744397991.0879986, 1744397991.0974326, 1744397991.1161911, 1744397991.126725, 1744397991.1314502, 1744397991.1391048, 1744397991.1409724, 1744397991.1509643, 1744397991.1582816, 1744397991.172206, 1744397991.181417, 1744397991.1925364, 1744397991.2001023, 1744397991.2117686, 1744397991.2164469, 1744397991.2224627, 1744397991.2376769, 1744397991.254355, 1744397991.2658865, 1744397991.269816, 1744397991.2730923, 1744397991.2792542, 1744397991.2865763, 1744397991.28999, 1744397991.3052754, 1744397991.3209999, 1744397991.3260942, 1744397991.3442743, 1744397991.363582, 1744397991.3679233, 1744397991.3730972, 1744397991.3749027, 1744397991.3945825, 1744397991.3991132, 1744397991.4039037, 1744397991.4058025, 1744397991.4076583, 1744397991.4236045, 1744397991.4472842, 1744397991.4787881, 1744397991.4876943, 1744397991.50319, 1744397991.5271716, 1744397991.538497, 1744397991.5547695, 1744397991.5688238, 1744397991.5778172, 1744397991.5941937, 1744397991.6123028, 1744397991.6151562, 1744397991.6245897, 1744397991.6340847, 1744397991.656115, 1744397991.6625078, 1744397991.677298, 1744397991.6862276, 1744397991.689034, 1744397991.6985707, 1744397991.7171397, 1744397991.7204127, 1744397991.7307742, 1744397991.7337627, 1744397991.746779, 1744397991.7588465, 1744397991.7701924, 1744397991.7897048, 1744397991.7929735, 1744397991.8073459, 1744397991.813977, 1744397991.8173428, 1744397991.8207128, 1744397991.82952, 1744397991.8418684, 1744397991.8457797, 1744397991.858212, 1744397991.8618119, 1744397991.872142, 1744397991.9058022, 1744397991.9143322, 1744397991.9203627, 1744397991.9291768], "episode_lengths": [3, 1, 10, 3, 1, 4, 2, 1, 1, 2, 2, 4, 2, 3, 3, 1, 3, 1, 4, 13, 5, 5, 2, 1, 3, 1, 1, 2, 5, 5, 6, 1, 4, 3, 4, 3, 4, 4, 1, 1, 3, 1, 1, 6, 10, 2, 3, 6, 1, 2, 1, 5, 2, 3, 1, 1, 3, 5, 10, 2, 4, 5, 3, 5, 5, 3, 3, 5, 1, 1, 3, 4, 2, 4, 3, 1, 1, 5, 1, 1, 1, 2, 3, 3, 4, 1, 4, 2, 1, 1, 2, 3, 1, 3, 1, 3, 8, 2, 2, 2], "episode_rewards": [-1.0, -1.0, 3.142857142857143, -1.0, -1.0, -1.0, -1.0, -1.0, -1.0, -1.0, -1.0, 0.5, 1.0, 1.0, -1.0, -1.0, 1.0, -1.0, -1.0, 2.392857142857143, -1.0, 0.33333333333333326, -1.0, -1.0, -1.0, -1.0, -1.0, -1.0, 1.0, 3.333333333333333, -1.0, -1.0, -1.0, -1.0, -1.0, 1.0, 1.0, 0.5, -1.0, -1.0, -1.0, -1.0, -1.0, -1.0, 0.19999999999999996, -1.0, 1.0, 3.0, -1.0, -1.0, -1.0, 0.33333333333333326, 1.0, 1.0, -1.0, -1.0, -1.0, 3.333333333333333, 1.0, -1.0, -1.0, 1.0, 4.0, 1.0, 3.5, -1.0, 1.0, -1.0, -1.0, -1.0, -1.0, -1.0, -1.0, -1.0, -1.0, -1.0, -1.0, 3.5, -1.0, -1.0, -1.0, -1.0, 1.0, 1.0, -1.0, -1.0, 1.0, -1.0, -1.0, -1.0, -1.0, -1.0, -1.0, 1.0, -1.0, 1.0, 0.19999999999999996, -1.0, -1.0, -1.0], "episode_rewards_2": [1.0, 1.0, -2.0, 1.0, 1.0, 1.0, 1.0, 1.0, 1.0, 1.0, 1.0, 1.0, 1.0, 1.0, 1.0, 1.0, 1.0, 1.0, 1.0, -2.0, 1.0, 1.0, 1.0, 1.0, 1.0, 1.0, 1.0, 1.0, 1.0, -2.0, 1.0, 1.0, 1.0, 1.0, 1.0, 1.0, 1.0, 1.0, 1.0, 1.0, 1.0, 1.0, 1.0, 1.0, 1.0, 1.0, 1.0, -2.0, 1.0, 1.0, 1.0, 1.0, 1.0, 1.0, 1.0, 1.0, 1.0, -2.0, 1.0, 1.0, 1.0, 1.0, -2.0, 1.0, -2.0, 1.0, 1.0, 1.0, 1.0, 1.0, 1.0, 1.0, 1.0, 1.0, 1.0, 1.0, 1.0, -2.0, 1.0, 1.0, 1.0, 1.0, 1.0, 1.0, 1.0, 1.0, 1.0, 1.0, 1.0, 1.0, 1.0, 1.0, 1.0, 1.0, 1.0, 1.0, 1.0, 1.0, 1.0, 1.0], "episode_types": ["t", "t", "t", "t", "t", "t", "t", "t", "t", "t", "t", "t", "t", "t", "t", "t", "t", "t", "t", "t", "t", "t", "t", "t", "t", "t", "t", "t", "t", "t", "t", "t", "t", "t", "t", "t", "t", "t", "t", "t", "t", "t", "t", "t", "t", "t", "t", "t", "t", "t", "t", "t", "t", "t", "t", "t", "t", "t", "t", "t", "t", "t", "t", "t", "t", "t", "t", "t", "t", "t", "t", "t", "t", "t", "t", "t", "t", "t", "t", "t", "t", "t", "t", "t", "t", "t", "t", "t", "t", "t", "t", "t", "t", "t", "t", "t", "t", "t", "t", "t", "t"]}