{"initial_reset_timestamp": 1744398058.930761, "timestamps": [1744398058.9700127, 1744398058.9906404, 1744398059.0008647, 1744398059.0183122, 1744398059.045038, 1744398059.0565445, 1744398059.0651815, 1744398059.07313, 1744398059.082345, 1744398059.0861566, 1744398059.0976596, 1744398059.1089644, 1744398059.1168718, 1744398059.1278205, 1744398059.1378694, 1744398059.1447875, 1744398059.154266, 1744398059.158182, 1744398059.1753619, 1744398059.194532, 1744398059.197965, 1744398059.2089317, 1744398059.2239332, 1744398059.2309215, 1744398059.2377858, 1744398059.2657416, 1744398059.2791684, 1744398059.2862878, 1744398059.2933025, 1744398059.2969341, 1744398059.3061762, 1744398059.3224473, 1744398059.3260272, 1744398059.3410666, 1744398059.344886, 1744398059.3649302, 1744398059.394792, 1744398059.3984928, 1744398059.4180217, 1744398059.425799, 1744398059.4450252, 1744398059.4673557, 1744398059.4881396, 1744398059.502399, 1744398059.5123055, 1744398059.5184503, 1744398059.5268774, 1744398059.5395548, 1744398059.5431652, 1744398059.556992, 1744398059.583956, 1744398059.5952003, 1744398059.5987654, 1744398059.6057026, 1744398059.6171193, 1744398059.6374097, 1744398059.6525478, 1744398059.6636598, 1744398059.6703959, 1744398059.6820183, 1744398059.694136, 1744398059.7048688, 1744398059.7114894, 1744398059.71857, 1744398059.7336934, 1744398059.7373939, 1744398059.7481964, 1744398059.7626905, 1744398059.7807178, 1744398059.7871761, 1744398059.7911272, 1744398059.8102918, 1744398059.8418415, 1744398059.854248, 1744398059.8618608, 1744398059.8695805, 1744398059.9275565, 1744398059.9310915, 1744398059.9579341, 1744398059.9824502, 1744398059.9897158, 1744398060.001427, 1744398060.0219688, 1744398060.0338607, 1744398060.0562265, 1744398060.0654643, 1744398060.0781765, 1744398060.0816455, 1744398060.0848703, 1744398060.0886176, 1744398060.108547, 1744398060.1177485, 1744398060.1390407, 1744398060.1592283, 1744398060.1667051, 1744398060.1707006, 1744398060.1882672, 1744398060.1937635, 1744398060.2240157, 1744398060.2312636], "episode_lengths": [8, 3, 3, 3, 5, 2, 1, 2, 2, 1, 3, 2, 1, 2, 2, 2, 1, 1, 5, 5, 1, 2, 4, 2, 2, 7, 1, 2, 2, 1, 1, 3, 1, 3, 1, 4, 5, 1, 4, 2, 4, 6, 5, 3, 2, 1, 1, 3, 1, 4, 7, 1, 1, 2, 3, 4, 2, 2, 1, 3, 3, 2, 2, 2, 3, 1, 1, 4, 4, 1, 1, 3, 7, 2, 2, 2, 12, 1, 6, 6, 2, 2, 5, 3, 6, 3, 3, 1, 1, 1, 6, 1, 4, 4, 2, 1, 4, 1, 8, 1], "episode_rewards": [3.2, -1.0, -1.0, -1.0, -1.0, -1.0, -1.0, -1.0, -1.0, -1.0, -1.0, -1.0, -1.0, -1.0, -1.0, -1.0, -1.0, -1.0, 1.0, 1.0, -1.0, -1.0, -1.0, -1.0, -1.0, 0.25, -1.0, -1.0, -1.0, -1.0, -1.0, -1.0, -1.0, 1.0, -1.0, 1.0, -1.0, -1.0, -1.0, -1.0, -1.0, -1.0, 3.333333333333333, -1.0, -1.0, -1.0, -1.0, -1.0, -1.0, -1.0, 1.0, -1.0, -1.0, 4.0, -1.0, -1.0, -1.0, 1.0, -1.0, -1.0, -1.0, -1.0, -1.0, -1.0, 4.0, -1.0, -1.0, -1.0, -1.0, -1.0, -1.0, -1.0, 0.5, -1.0, -1.0, -1.0, 0.5, -1.0, 3.0, 3.25, -1.0, -1.0, -1.0, -1.0, 3.0, 4.0, -1.0, -1.0, -1.0, -1.0, 3.333333333333333, -1.0, -1.0, -1.0, -1.0, -1.0, -1.0, -1.0, 3.2, -1.0], "episode_rewards_2": [-2.0, 1.0, 1.0, 1.0, 1.0, 1.0, 1.0, 1.0, 1.0, 1.0, 1.0, 1.0, 1.0, 1.0, 1.0, 1.0, 1.0, 1.0, 1.0, 1.0, 1.0, 1.0, 1.0, 1.0, 1.0, 1.0, 1.0, 1.0, 1.0, 1.0, 1.0, 1.0, 1.0, 1.0, 1.0, 1.0, 1.0, 1.0, 1.0, 1.0, 1.0, 1.0, -2.0, 1.0, 1.0, 1.0, 1.0, 1.0, 1.0, 1.0, 1.0, 1.0, 1.0, -2.0, 1.0, 1.0, 1.0, 1.0, 1.0, 1.0, 1.0, 1.0, 1.0, 1.0, -2.0, 1.0, 1.0, 1.0, 1.0, 1.0, 1.0, 1.0, 1.0, 1.0, 1.0, 1.0, 1.0, 1.0, -2.0, -2.0, 1.0, 1.0, 1.0, 1.0, -2.0, -2.0, 1.0, 1.0, 1.0, 1.0, -2.0, 1.0, 1.0, 1.0, 1.0, 1.0, 1.0, 1.0, -2.0, 1.0], "episode_types": ["t", "t", "t", "t", "t", "t", "t", "t", "t", "t", "t", "t", "t", "t", "t", "t", "t", "t", "t", "t", "t", "t", "t", "t", "t", "t", "t", "t", "t", "t", "t", "t", "t", "t", "t", "t", "t", "t", "t", "t", "t", "t", "t", "t", "t", "t", "t", "t", "t", "t", "t", "t", "t", "t", "t", "t", "t", "t", "t", "t", "t", "t", "t", "t", "t", "t", "t", "t", "t", "t", "t", "t", "t", "t", "t", "t", "t", "t", "t", "t", "t", "t", "t", "t", "t", "t", "t", "t", "t", "t", "t", "t", "t", "t", "t", "t", "t", "t", "t", "t", "t"]}