{"initial_reset_timestamp": 1744398201.1704564, "timestamps": [1744398201.1761897, 1744398201.1942596, 1744398201.1999826, 1744398201.2049835, 1744398201.2238858, 1744398201.2402096, 1744398201.2524507, 1744398201.2901227, 1744398201.3053324, 1744398201.3430686, 1744398201.3511643, 1744398201.3672304, 1744398201.3721256, 1744398201.3871675, 1744398201.3918002, 1744398201.4071143, 1744398201.4250152, 1744398201.4370778, 1744398201.4416423, 1744398201.4565947, 1744398201.464041, 1744398201.4759665, 1744398201.4839194, 1744398201.4881854, 1744398201.5160737, 1744398201.5318413, 1744398201.5424778, 1744398201.5676808, 1744398201.576325, 1744398201.5876951, 1744398201.591178, 1744398201.6117985, 1744398201.6205375, 1744398201.6332471, 1744398201.6375299, 1744398201.6530013, 1744398201.6715274, 1744398201.6827006, 1744398201.6905801, 1744398201.7024503, 1744398201.7172093, 1744398201.7369113, 1744398201.7528133, 1744398201.7966723, 1744398201.8013034, 1744398201.8182955, 1744398201.8274558, 1744398201.8349261, 1744398201.8394744, 1744398201.8559163, 1744398201.8642461, 1744398201.8765337, 1744398201.8841343, 1744398201.8883166, 1744398201.899386, 1744398201.911932, 1744398201.9203906, 1744398201.9294043, 1744398201.9429412, 1744398201.9542253, 1744398201.9625669, 1744398201.9705343, 1744398201.9870956, 1744398202.0102024, 1744398202.0252194, 1744398202.0330386, 1744398202.0517535, 1744398202.06256, 1744398202.0781891, 1744398202.0897448, 1744398202.0972471, 1744398202.1173878, 1744398202.1285164, 1744398202.1439648, 1744398202.1689973, 1744398202.1744225, 1744398202.201119, 1744398202.205363, 1744398202.216693, 1744398202.2451153, 1744398202.2493954, 1744398202.267069, 1744398202.274461, 1744398202.2856417, 1744398202.29826, 1744398202.3203301, 1744398202.3318386, 1744398202.3392937, 1744398202.3574412, 1744398202.3723314, 1744398202.3799531, 1744398202.392104, 1744398202.407412, 1744398202.415612, 1744398202.4272552, 1744398202.4420967, 1744398202.4587302, 1744398202.462985, 1744398202.4748938, 1744398202.479263], "episode_lengths": [1, 2, 1, 1, 5, 4, 2, 10, 3, 10, 2, 3, 1, 4, 1, 3, 3, 3, 1, 4, 2, 2, 2, 1, 5, 3, 1, 5, 2, 3, 1, 4, 2, 2, 1, 4, 4, 3, 2, 3, 4, 2, 4, 12, 1, 4, 1, 2, 1, 3, 2, 2, 2, 1, 3, 3, 1, 2, 3, 1, 2, 1, 3, 6, 4, 2, 4, 3, 3, 3, 2, 4, 3, 4, 6, 1, 4, 1, 3, 8, 1, 3, 2, 3, 2, 6, 2, 2, 5, 4, 2, 2, 3, 2, 3, 4, 3, 1, 3, 1], "episode_rewards": [-1.0, -1.0, -1.0, -1.0, 1.0, 1.0, -1.0, 2.533333333333333, -1.0, 0.5, -1.0, -1.0, -1.0, 3.5, -1.0, -1.0, -1.0, -1.0, -1.0, -1.0, -1.0, -1.0, -1.0, -1.0, 1.0, -1.0, -1.0, -1.0, 4.0, -1.0, -1.0, -1.0, 1.0, 4.0, -1.0, 1.0, -1.0, 4.0, -1.0, -1.0, -1.0, -1.0, -1.0, 1.0, -1.0, 0.5, -1.0, 4.0, -1.0, -1.0, -1.0, -1.0, -1.0, -1.0, 1.0, -1.0, -1.0, -1.0, -1.0, -1.0, -1.0, -1.0, -1.0, 1.0, -1.0, -1.0, -1.0, -1.0, -1.0, 4.0, -1.0, -1.0, -1.0, -1.0, 3.0, -1.0, -1.0, -1.0, -1.0, 2.75, -1.0, -1.0, -1.0, -1.0, -1.0, 3.25, -1.0, -1.0, -1.0, -1.0, -1.0, -1.0, -1.0, -1.0, 1.0, 1.0, -1.0, -1.0, -1.0, -1.0], "episode_rewards_2": [1.0, 1.0, 1.0, 1.0, 1.0, 1.0, 1.0, -2.0, 1.0, 1.0, 1.0, 1.0, 1.0, -2.0, 1.0, 1.0, 1.0, 1.0, 1.0, 1.0, 1.0, 1.0, 1.0, 1.0, 1.0, 1.0, 1.0, 1.0, -2.0, 1.0, 1.0, 1.0, 1.0, -2.0, 1.0, 1.0, 1.0, -2.0, 1.0, 1.0, 1.0, 1.0, 1.0, 1.0, 1.0, 1.0, 1.0, -2.0, 1.0, 1.0, 1.0, 1.0, 1.0, 1.0, 1.0, 1.0, 1.0, 1.0, 1.0, 1.0, 1.0, 1.0, 1.0, 1.0, 1.0, 1.0, 1.0, 1.0, 1.0, -2.0, 1.0, 1.0, 1.0, 1.0, -2.0, 1.0, 1.0, 1.0, 1.0, -2.0, 1.0, 1.0, 1.0, 1.0, 1.0, -2.0, 1.0, 1.0, 1.0, 1.0, 1.0, 1.0, 1.0, 1.0, 1.0, 1.0, 1.0, 1.0, 1.0, 1.0], "episode_types": ["t", "t", "t", "t", "t", "t", "t", "t", "t", "t", "t", "t", "t", "t", "t", "t", "t", "t", "t", "t", "t", "t", "t", "t", "t", "t", "t", "t", "t", "t", "t", "t", "t", "t", "t", "t", "t", "t", "t", "t", "t", "t", "t", "t", "t", "t", "t", "t", "t", "t", "t", "t", "t", "t", "t", "t", "t", "t", "t", "t", "t", "t", "t", "t", "t", "t", "t", "t", "t", "t", "t", "t", "t", "t", "t", "t", "t", "t", "t", "t", "t", "t", "t", "t", "t", "t", "t", "t", "t", "t", "t", "t", "t", "t", "t", "t", "t", "t", "t", "t", "t"]}