{"initial_reset_timestamp": 1744398255.928876, "timestamps": [1744398255.969937, 1744398255.982631, 1744398255.9957092, 1744398256.0004597, 1744398256.0126498, 1744398256.0253842, 1744398256.0371192, 1744398256.0541878, 1744398256.063966, 1744398256.072601, 1744398256.084231, 1744398256.1088774, 1744398256.1385963, 1744398256.1571906, 1744398256.1721098, 1744398256.185726, 1744398256.2009687, 1744398256.2055252, 1744398256.226526, 1744398256.2313418, 1744398256.239866, 1744398256.2582262, 1744398256.2668412, 1744398256.2752774, 1744398256.2839525, 1744398256.2882237, 1744398256.341103, 1744398256.3629138, 1744398256.3826232, 1744398256.3915868, 1744398256.3964572, 1744398256.4137464, 1744398256.4346776, 1744398256.465159, 1744398256.4813685, 1744398256.5169334, 1744398256.5417466, 1744398256.5464754, 1744398256.583605, 1744398256.588625, 1744398256.5991158, 1744398256.6269677, 1744398256.651203, 1744398256.6557732, 1744398256.6680267, 1744398256.686376, 1744398256.702558, 1744398256.720647, 1744398256.7444263, 1744398256.7584388, 1744398256.7679348, 1744398256.7843015, 1744398256.8055284, 1744398256.8291545, 1744398256.858689, 1744398256.8703752, 1744398256.8918447, 1744398256.915208, 1744398256.9227831, 1744398256.9508882, 1744398256.9608846, 1744398256.9755385, 1744398256.9804347, 1744398256.9926407, 1744398257.0146608, 1744398257.019126, 1744398257.0381324, 1744398257.050317, 1744398257.0707924, 1744398257.0819764, 1744398257.1114192, 1744398257.1228955, 1744398257.1315773, 1744398257.1516829, 1744398257.2185102, 1744398257.2271574, 1744398257.2434597, 1744398257.2522533, 1744398257.258181, 1744398257.2629924, 1744398257.2802777, 1744398257.3060079, 1744398257.3109653, 1744398257.3199573, 1744398257.3289554, 1744398257.3336935, 1744398257.3630922, 1744398257.3677058, 1744398257.3760922, 1744398257.3842766, 1744398257.3963134, 1744398257.4123926, 1744398257.430013, 1744398257.434931, 1744398257.4464612, 1744398257.4607992, 1744398257.491256, 1744398257.5070598, 1744398257.5534961, 1744398257.5580378], "episode_lengths": [9, 1, 3, 1, 3, 3, 1, 4, 2, 2, 3, 5, 6, 3, 3, 2, 2, 1, 5, 1, 2, 2, 2, 2, 2, 1, 12, 5, 4, 2, 1, 3, 5, 7, 4, 8, 5, 1, 9, 1, 2, 6, 5, 1, 3, 4, 2, 4, 5, 2, 2, 3, 4, 5, 5, 1, 3, 5, 1, 5, 2, 2, 1, 3, 5, 1, 4, 3, 5, 2, 7, 2, 2, 5, 14, 2, 2, 2, 1, 1, 4, 5, 1, 2, 2, 1, 4, 1, 2, 2, 3, 3, 4, 1, 3, 3, 7, 4, 12, 1], "episode_rewards": [1.0, -1.0, 1.0, -1.0, -1.0, 1.0, -1.0, -1.0, -1.0, -1.0, -1.0, -1.0, 0.5, 1.0, -1.0, 1.0, -1.0, -1.0, -1.0, -1.0, -1.0, -1.0, -1.0, -1.0, -1.0, -1.0, 2.625, -1.0, -1.0, -1.0, -1.0, -1.0, 1.0, 1.0, 0.5, 1.0, -1.0, -1.0, 0.25, -1.0, -1.0, 0.5, -1.0, -1.0, -1.0, 1.0, -1.0, -1.0, 3.5, -1.0, 4.0, -1.0, -1.0, -1.0, -1.0, -1.0, -1.0, 3.5, -1.0, 0.33333333333333326, -1.0, -1.0, -1.0, -1.0, 1.0, -1.0, 0.5, 1.0, 3.5, -1.0, 0.33333333333333326, -1.0, -1.0, -1.0, 2.375, -1.0, -1.0, -1.0, -1.0, -1.0, -1.0, -1.0, -1.0, -1.0, -1.0, -1.0, 3.5, -1.0, -1.0, 1.0, 1.0, 4.0, -1.0, -1.0, -1.0, -1.0, 0.5, 1.0, 3.111111111111111, -1.0], "episode_rewards_2": [1.0, 1.0, 1.0, 1.0, 1.0, 1.0, 1.0, 1.0, 1.0, 1.0, 1.0, 1.0, 1.0, 1.0, 1.0, 1.0, 1.0, 1.0, 1.0, 1.0, 1.0, 1.0, 1.0, 1.0, 1.0, 1.0, -2.0, 1.0, 1.0, 1.0, 1.0, 1.0, 1.0, 1.0, 1.0, 1.0, 1.0, 1.0, 1.0, 1.0, 1.0, 1.0, 1.0, 1.0, 1.0, 1.0, 1.0, 1.0, -2.0, 1.0, -2.0, 1.0, 1.0, 1.0, 1.0, 1.0, 1.0, -2.0, 1.0, 1.0, 1.0, 1.0, 1.0, 1.0, 1.0, 1.0, 1.0, 1.0, -2.0, 1.0, 1.0, 1.0, 1.0, 1.0, -2.0, 1.0, 1.0, 1.0, 1.0, 1.0, 1.0, 1.0, 1.0, 1.0, 1.0, 1.0, -2.0, 1.0, 1.0, 1.0, 1.0, -2.0, 1.0, 1.0, 1.0, 1.0, 1.0, 1.0, -2.0, 1.0], "episode_types": ["t", "t", "t", "t", "t", "t", "t", "t", "t", "t", "t", "t", "t", "t", "t", "t", "t", "t", "t", "t", "t", "t", "t", "t", "t", "t", "t", "t", "t", "t", "t", "t", "t", "t", "t", "t", "t", "t", "t", "t", "t", "t", "t", "t", "t", "t", "t", "t", "t", "t", "t", "t", "t", "t", "t", "t", "t", "t", "t", "t", "t", "t", "t", "t", "t", "t", "t", "t", "t", "t", "t", "t", "t", "t", "t", "t", "t", "t", "t", "t", "t", "t", "t", "t", "t", "t", "t", "t", "t", "t", "t", "t", "t", "t", "t", "t", "t", "t", "t", "t", "t"]}