{"initial_reset_timestamp": 1744398069.5338035, "timestamps": [1744398069.555997, 1744398069.568184, 1744398069.5794241, 1744398069.5865648, 1744398069.5961137, 1744398069.6039214, 1744398069.6189907, 1744398069.6297262, 1744398069.6466103, 1744398069.6617239, 1744398069.6819265, 1744398069.6952689, 1744398069.7036254, 1744398069.7106483, 1744398069.745294, 1744398069.7495322, 1744398069.7635226, 1744398069.7935896, 1744398069.802068, 1744398069.8060317, 1744398069.8123682, 1744398069.8355803, 1744398069.8616438, 1744398069.8657053, 1744398069.874124, 1744398069.878593, 1744398069.8961923, 1744398069.9069998, 1744398069.9254315, 1744398069.9325938, 1744398069.9378874, 1744398069.9514565, 1744398069.9991705, 1744398070.0256922, 1744398070.0306172, 1744398070.035037, 1744398070.0478728, 1744398070.0561035, 1744398070.066532, 1744398070.0809262, 1744398070.0931745, 1744398070.1099632, 1744398070.1289866, 1744398070.1392133, 1744398070.1489108, 1744398070.1562185, 1744398070.16931, 1744398070.1831937, 1744398070.1921613, 1744398070.2003744, 1744398070.2045481, 1744398070.2209198, 1744398070.2435455, 1744398070.247169, 1744398070.2600405, 1744398070.2666776, 1744398070.2862303, 1744398070.2900224, 1744398070.2942376, 1744398070.304548, 1744398070.3083277, 1744398070.3247797, 1744398070.3346217, 1744398070.3529532, 1744398070.356667, 1744398070.3694456, 1744398070.3831842, 1744398070.3871715, 1744398070.4184656, 1744398070.4258635, 1744398070.438149, 1744398070.4483216, 1744398070.458982, 1744398070.4659345, 1744398070.4759147, 1744398070.4808433, 1744398070.4884772, 1744398070.5319107, 1744398070.5505464, 1744398070.5573645, 1744398070.5611203, 1744398070.5745494, 1744398070.5841167, 1744398070.5963764, 1744398070.6001706, 1744398070.6077125, 1744398070.6313837, 1744398070.6453161, 1744398070.655404, 1744398070.673056, 1744398070.6769195, 1744398070.694471, 1744398070.6989036, 1744398070.7062886, 1744398070.7132668, 1744398070.7289534, 1744398070.7361548, 1744398070.743718, 1744398070.7474997, 1744398070.7543805], "episode_lengths": [5, 1, 3, 2, 2, 2, 3, 3, 2, 4, 6, 1, 2, 2, 10, 1, 1, 5, 2, 1, 1, 4, 7, 1, 1, 1, 3, 3, 5, 2, 1, 2, 12, 5, 1, 1, 2, 1, 4, 5, 3, 1, 4, 2, 3, 2, 2, 3, 2, 2, 1, 2, 6, 1, 4, 2, 4, 1, 1, 3, 1, 3, 3, 5, 1, 3, 3, 1, 9, 2, 3, 2, 3, 2, 2, 1, 1, 14, 5, 1, 1, 3, 3, 3, 1, 2, 5, 2, 3, 4, 1, 4, 1, 2, 2, 4, 1, 2, 1, 2], "episode_rewards": [0.5, -1.0, -1.0, -1.0, -1.0, -1.0, -1.0, -1.0, -1.0, 1.0, 1.0, -1.0, -1.0, 1.0, 2.666666666666667, -1.0, -1.0, -1.0, -1.0, -1.0, -1.0, -1.0, 0.33333333333333326, -1.0, -1.0, -1.0, -1.0, 1.0, -1.0, -1.0, -1.0, 1.0, 2.625, -1.0, -1.0, -1.0, -1.0, -1.0, -1.0, 1.0, -1.0, -1.0, 3.5, -1.0, -1.0, -1.0, -1.0, -1.0, -1.0, -1.0, -1.0, -1.0, 1.0, -1.0, -1.0, -1.0, -1.0, -1.0, -1.0, -1.0, -1.0, -1.0, -1.0, 0.33333333333333326, -1.0, -1.0, 1.0, -1.0, 0.5, 1.0, -1.0, 4.0, -1.0, -1.0, -1.0, -1.0, -1.0, 3.090909090909091, -1.0, -1.0, -1.0, 1.0, -1.0, -1.0, -1.0, -1.0, -1.0, -1.0, 1.0, 1.0, -1.0, -1.0, -1.0, -1.0, -1.0, -1.0, -1.0, -1.0, -1.0, -1.0], "episode_rewards_2": [1.0, 1.0, 1.0, 1.0, 1.0, 1.0, 1.0, 1.0, 1.0, 1.0, 1.0, 1.0, 1.0, 1.0, -2.0, 1.0, 1.0, 1.0, 1.0, 1.0, 1.0, 1.0, 1.0, 1.0, 1.0, 1.0, 1.0, 1.0, 1.0, 1.0, 1.0, 1.0, -2.0, 1.0, 1.0, 1.0, 1.0, 1.0, 1.0, 1.0, 1.0, 1.0, -2.0, 1.0, 1.0, 1.0, 1.0, 1.0, 1.0, 1.0, 1.0, 1.0, 1.0, 1.0, 1.0, 1.0, 1.0, 1.0, 1.0, 1.0, 1.0, 1.0, 1.0, 1.0, 1.0, 1.0, 1.0, 1.0, 1.0, 1.0, 1.0, -2.0, 1.0, 1.0, 1.0, 1.0, 1.0, -2.0, 1.0, 1.0, 1.0, 1.0, 1.0, 1.0, 1.0, 1.0, 1.0, 1.0, 1.0, 1.0, 1.0, 1.0, 1.0, 1.0, 1.0, 1.0, 1.0, 1.0, 1.0, 1.0], "episode_types": ["t", "t", "t", "t", "t", "t", "t", "t", "t", "t", "t", "t", "t", "t", "t", "t", "t", "t", "t", "t", "t", "t", "t", "t", "t", "t", "t", "t", "t", "t", "t", "t", "t", "t", "t", "t", "t", "t", "t", "t", "t", "t", "t", "t", "t", "t", "t", "t", "t", "t", "t", "t", "t", "t", "t", "t", "t", "t", "t", "t", "t", "t", "t", "t", "t", "t", "t", "t", "t", "t", "t", "t", "t", "t", "t", "t", "t", "t", "t", "t", "t", "t", "t", "t", "t", "t", "t", "t", "t", "t", "t", "t", "t", "t", "t", "t", "t", "t", "t", "t", "t"]}