{"initial_reset_timestamp": 1744398091.3840215, "timestamps": [1744398091.3931873, 1744398091.4040911, 1744398091.4122117, 1744398091.4316235, 1744398091.45103, 1744398091.4765792, 1744398091.4933975, 1744398091.5090408, 1744398091.514167, 1744398091.5693774, 1744398091.5835826, 1744398091.5942435, 1744398091.6006, 1744398091.6082194, 1744398091.6119535, 1744398091.6157117, 1744398091.6224096, 1744398091.6332486, 1744398091.640773, 1744398091.6542497, 1744398091.667593, 1744398091.706698, 1744398091.7206068, 1744398091.724317, 1744398091.7377017, 1744398091.7413657, 1744398091.7606156, 1744398091.771317, 1744398091.7853563, 1744398091.7890983, 1744398091.7994483, 1744398091.8101456, 1744398091.8174217, 1744398091.8281224, 1744398091.8590078, 1744398091.88071, 1744398091.8963969, 1744398091.9005878, 1744398091.910722, 1744398091.9179878, 1744398091.9225743, 1744398091.9367673, 1744398091.9507954, 1744398091.9549005, 1744398091.9832609, 1744398091.9917574, 1744398091.9997714, 1744398092.0070667, 1744398092.0108275, 1744398092.0273128, 1744398092.0355206, 1744398092.0444756, 1744398092.0578077, 1744398092.0727031, 1744398092.092105, 1744398092.1030273, 1744398092.1173065, 1744398092.1273577, 1744398092.1371212, 1744398092.1491842, 1744398092.154979, 1744398092.1957057, 1744398092.202874, 1744398092.216559, 1744398092.2205904, 1744398092.230402, 1744398092.238302, 1744398092.2436602, 1744398092.2520087, 1744398092.2561123, 1744398092.2632542, 1744398092.2704403, 1744398092.2950842, 1744398092.3065448, 1744398092.312017, 1744398092.3197806, 1744398092.3649874, 1744398092.374954, 1744398092.3893776, 1744398092.3963945, 1744398092.4043546, 1744398092.419113, 1744398092.4229875, 1744398092.4341571, 1744398092.4587119, 1744398092.4625454, 1744398092.4816532, 1744398092.4855251, 1744398092.4894981, 1744398092.5152984, 1744398092.5225158, 1744398092.5327494, 1744398092.5363786, 1744398092.5404215, 1744398092.544525, 1744398092.5608315, 1744398092.5761755, 1744398092.587197, 1744398092.591972, 1744398092.5992973], "episode_lengths": [2, 1, 2, 6, 6, 6, 1, 4, 1, 17, 4, 2, 1, 2, 1, 1, 1, 3, 2, 4, 4, 11, 3, 1, 4, 1, 4, 3, 4, 1, 3, 2, 1, 3, 10, 7, 3, 1, 3, 2, 1, 1, 4, 1, 8, 2, 1, 2, 1, 5, 1, 1, 3, 4, 5, 3, 1, 2, 2, 2, 1, 9, 2, 4, 1, 3, 1, 1, 1, 1, 2, 1, 6, 2, 1, 1, 9, 2, 3, 2, 2, 3, 1, 3, 7, 1, 4, 1, 1, 7, 2, 2, 1, 1, 1, 5, 3, 2, 1, 2], "episode_rewards": [-1.0, -1.0, -1.0, 0.5, 0.33333333333333326, -1.0, -1.0, -1.0, -1.0, 2.340909090909091, -1.0, -1.0, -1.0, -1.0, -1.0, -1.0, -1.0, -1.0, 1.0, -1.0, 1.0, 0.33333333333333326, -1.0, -1.0, -1.0, -1.0, -1.0, -1.0, 1.0, -1.0, -1.0, -1.0, -1.0, -1.0, 2.666666666666667, 0.33333333333333326, -1.0, -1.0, -1.0, -1.0, -1.0, -1.0, -1.0, -1.0, 3.166666666666667, -1.0, -1.0, -1.0, -1.0, 3.5, -1.0, -1.0, 1.0, 0.5, 3.5, -1.0, -1.0, -1.0, 4.0, -1.0, -1.0, 1.0, -1.0, 1.0, -1.0, 1.0, -1.0, -1.0, -1.0, -1.0, 1.0, -1.0, 3.333333333333333, -1.0, -1.0, -1.0, 3.166666666666667, -1.0, -1.0, -1.0, -1.0, -1.0, -1.0, 4.0, 3.2, -1.0, -1.0, -1.0, -1.0, 0.19999999999999996, -1.0, -1.0, -1.0, -1.0, -1.0, 1.0, -1.0, 1.0, -1.0, -1.0], "episode_rewards_2": [1.0, 1.0, 1.0, 1.0, 1.0, 1.0, 1.0, 1.0, 1.0, -2.0, 1.0, 1.0, 1.0, 1.0, 1.0, 1.0, 1.0, 1.0, 1.0, 1.0, 1.0, 1.0, 1.0, 1.0, 1.0, 1.0, 1.0, 1.0, 1.0, 1.0, 1.0, 1.0, 1.0, 1.0, -2.0, 1.0, 1.0, 1.0, 1.0, 1.0, 1.0, 1.0, 1.0, 1.0, -2.0, 1.0, 1.0, 1.0, 1.0, -2.0, 1.0, 1.0, 1.0, 1.0, -2.0, 1.0, 1.0, 1.0, -2.0, 1.0, 1.0, 1.0, 1.0, 1.0, 1.0, 1.0, 1.0, 1.0, 1.0, 1.0, 1.0, 1.0, -2.0, 1.0, 1.0, 1.0, -2.0, 1.0, 1.0, 1.0, 1.0, 1.0, 1.0, -2.0, -2.0, 1.0, 1.0, 1.0, 1.0, 1.0, 1.0, 1.0, 1.0, 1.0, 1.0, 1.0, 1.0, 1.0, 1.0, 1.0], "episode_types": ["t", "t", "t", "t", "t", "t", "t", "t", "t", "t", "t", "t", "t", "t", "t", "t", "t", "t", "t", "t", "t", "t", "t", "t", "t", "t", "t", "t", "t", "t", "t", "t", "t", "t", "t", "t", "t", "t", "t", "t", "t", "t", "t", "t", "t", "t", "t", "t", "t", "t", "t", "t", "t", "t", "t", "t", "t", "t", "t", "t", "t", "t", "t", "t", "t", "t", "t", "t", "t", "t", "t", "t", "t", "t", "t", "t", "t", "t", "t", "t", "t", "t", "t", "t", "t", "t", "t", "t", "t", "t", "t", "t", "t", "t", "t", "t", "t", "t", "t", "t", "t"]}