{"initial_reset_timestamp": 1744398149.0122404, "timestamps": [1744398149.019681, 1744398149.0611224, 1744398149.065605, 1744398149.0696626, 1744398149.081257, 1744398149.1278834, 1744398149.1455789, 1744398149.1541085, 1744398149.1730602, 1744398149.2010834, 1744398149.2083673, 1744398149.2437503, 1744398149.2552607, 1744398149.2602627, 1744398149.2658694, 1744398149.276991, 1744398149.2942488, 1744398149.302363, 1744398149.3132176, 1744398149.3208873, 1744398149.328899, 1744398149.336768, 1744398149.3411016, 1744398149.3555348, 1744398149.3624175, 1744398149.3686664, 1744398149.3897128, 1744398149.3982737, 1744398149.405321, 1744398149.4133923, 1744398149.428141, 1744398149.4421368, 1744398149.4598026, 1744398149.4678547, 1744398149.4799666, 1744398149.4870245, 1744398149.493822, 1744398149.515165, 1744398149.5292375, 1744398149.5429225, 1744398149.557891, 1744398149.5647242, 1744398149.5851665, 1744398149.596172, 1744398149.6236074, 1744398149.6308148, 1744398149.6534922, 1744398149.661446, 1744398149.665698, 1744398149.6701753, 1744398149.6787179, 1744398149.6980324, 1744398149.7138064, 1744398149.7255387, 1744398149.7297597, 1744398149.7585967, 1744398149.769265, 1744398149.7906232, 1744398149.7979622, 1744398149.8020823, 1744398149.8127456, 1744398149.834354, 1744398149.8475618, 1744398149.8558822, 1744398149.867624, 1744398149.8724966, 1744398149.883379, 1744398149.9069731, 1744398149.914225, 1744398149.9232953, 1744398149.9310756, 1744398149.947441, 1744398149.9629009, 1744398149.9780219, 1744398150.0110948, 1744398150.0246835, 1744398150.0348787, 1744398150.0393252, 1744398150.0554845, 1744398150.0775628, 1744398150.0816243, 1744398150.0968084, 1744398150.1219363, 1744398150.1285422, 1744398150.1511626, 1744398150.1669762, 1744398150.1794503, 1744398150.1885836, 1744398150.1966865, 1744398150.2061894, 1744398150.210196, 1744398150.2288, 1744398150.2505958, 1744398150.2679336, 1744398150.3023784, 1744398150.3097947, 1744398150.3232114, 1744398150.3455825, 1744398150.360303, 1744398150.364361], "episode_lengths": [1, 10, 1, 1, 3, 13, 3, 2, 5, 8, 2, 9, 2, 1, 1, 3, 4, 2, 3, 2, 2, 1, 1, 4, 1, 1, 4, 2, 2, 2, 4, 3, 4, 1, 3, 2, 1, 6, 4, 4, 4, 1, 5, 3, 6, 2, 4, 2, 1, 1, 2, 3, 4, 3, 1, 8, 1, 6, 2, 1, 2, 5, 3, 2, 3, 1, 2, 6, 1, 2, 2, 2, 4, 4, 8, 3, 1, 1, 3, 4, 1, 3, 6, 2, 5, 4, 2, 2, 2, 2, 1, 3, 5, 5, 9, 2, 2, 6, 4, 1], "episode_rewards": [-1.0, 0.33333333333333326, -1.0, -1.0, -1.0, 3.1, -1.0, -1.0, -1.0, 3.2, -1.0, 0.5, -1.0, -1.0, -1.0, -1.0, -1.0, -1.0, -1.0, -1.0, -1.0, -1.0, -1.0, 1.0, -1.0, -1.0, -1.0, -1.0, -1.0, 1.0, -1.0, -1.0, -1.0, -1.0, -1.0, 1.0, -1.0, -1.0, -1.0, 1.0, -1.0, -1.0, -1.0, -1.0, -1.0, -1.0, -1.0, -1.0, -1.0, -1.0, -1.0, -1.0, -1.0, -1.0, -1.0, 2.75, -1.0, 0.33333333333333326, -1.0, -1.0, -1.0, 1.0, -1.0, -1.0, -1.0, -1.0, -1.0, -1.0, -1.0, -1.0, -1.0, -1.0, -1.0, -1.0, 1.0, -1.0, -1.0, -1.0, -1.0, -1.0, -1.0, -1.0, 1.0, -1.0, 1.0, 0.5, -1.0, -1.0, -1.0, 1.0, -1.0, -1.0, -1.0, -1.0, 3.142857142857143, -1.0, -1.0, 3.25, -1.0, -1.0], "episode_rewards_2": [1.0, 1.0, 1.0, 1.0, 1.0, -2.0, 1.0, 1.0, 1.0, -2.0, 1.0, 1.0, 1.0, 1.0, 1.0, 1.0, 1.0, 1.0, 1.0, 1.0, 1.0, 1.0, 1.0, 1.0, 1.0, 1.0, 1.0, 1.0, 1.0, 1.0, 1.0, 1.0, 1.0, 1.0, 1.0, 1.0, 1.0, 1.0, 1.0, 1.0, 1.0, 1.0, 1.0, 1.0, 1.0, 1.0, 1.0, 1.0, 1.0, 1.0, 1.0, 1.0, 1.0, 1.0, 1.0, -2.0, 1.0, 1.0, 1.0, 1.0, 1.0, 1.0, 1.0, 1.0, 1.0, 1.0, 1.0, 1.0, 1.0, 1.0, 1.0, 1.0, 1.0, 1.0, 1.0, 1.0, 1.0, 1.0, 1.0, 1.0, 1.0, 1.0, 1.0, 1.0, 1.0, 1.0, 1.0, 1.0, 1.0, 1.0, 1.0, 1.0, 1.0, 1.0, -2.0, 1.0, 1.0, -2.0, 1.0, 1.0], "episode_types": ["t", "t", "t", "t", "t", "t", "t", "t", "t", "t", "t", "t", "t", "t", "t", "t", "t", "t", "t", "t", "t", "t", "t", "t", "t", "t", "t", "t", "t", "t", "t", "t", "t", "t", "t", "t", "t", "t", "t", "t", "t", "t", "t", "t", "t", "t", "t", "t", "t", "t", "t", "t", "t", "t", "t", "t", "t", "t", "t", "t", "t", "t", "t", "t", "t", "t", "t", "t", "t", "t", "t", "t", "t", "t", "t", "t", "t", "t", "t", "t", "t", "t", "t", "t", "t", "t", "t", "t", "t", "t", "t", "t", "t", "t", "t", "t", "t", "t", "t", "t", "t"]}