{"initial_reset_timestamp": 1744398102.4613137, "timestamps": [1744398102.4687984, 1744398102.5085278, 1744398102.5241854, 1744398102.5313132, 1744398102.5350778, 1744398102.551618, 1744398102.55856, 1744398102.5751238, 1744398102.5907516, 1744398102.6301208, 1744398102.635642, 1744398102.644531, 1744398102.653108, 1744398102.6596723, 1744398102.6889157, 1744398102.697487, 1744398102.7171316, 1744398102.7304893, 1744398102.7395036, 1744398102.7446723, 1744398102.7487097, 1744398102.7570298, 1744398102.79418, 1744398102.8076866, 1744398102.8191578, 1744398102.8311129, 1744398102.8457086, 1744398102.8498695, 1744398102.8631978, 1744398102.8770056, 1744398102.8812444, 1744398102.893164, 1744398102.911957, 1744398102.9303312, 1744398102.940224, 1744398102.951025, 1744398102.959937, 1744398102.9687152, 1744398102.982298, 1744398102.9891276, 1744398103.00509, 1744398103.0317862, 1744398103.0545127, 1744398103.058249, 1744398103.0783336, 1744398103.086264, 1744398103.101335, 1744398103.1151533, 1744398103.119073, 1744398103.1326199, 1744398103.1469605, 1744398103.1588013, 1744398103.1784565, 1744398103.1899076, 1744398103.2005575, 1744398103.211066, 1744398103.221157, 1744398103.228019, 1744398103.2319, 1744398103.246808, 1744398103.294411, 1744398103.3097293, 1744398103.3265276, 1744398103.3314002, 1744398103.3591402, 1744398103.3636284, 1744398103.3781574, 1744398103.383249, 1744398103.3873034, 1744398103.4084094, 1744398103.4205928, 1744398103.4496717, 1744398103.4574625, 1744398103.4672735, 1744398103.4749882, 1744398103.4885473, 1744398103.50001, 1744398103.507728, 1744398103.5189989, 1744398103.522117, 1744398103.535233, 1744398103.5458972, 1744398103.556095, 1744398103.5896938, 1744398103.6035266, 1744398103.6210093, 1744398103.6322885, 1744398103.6367197, 1744398103.648179, 1744398103.6528041, 1744398103.6731684, 1744398103.6956077, 1744398103.710659, 1744398103.7442534, 1744398103.7552173, 1744398103.7587953, 1744398103.7659945, 1744398103.7700055, 1744398103.7788587, 1744398103.783215], "episode_lengths": [2, 8, 4, 2, 1, 5, 1, 4, 4, 10, 1, 1, 2, 1, 5, 2, 3, 3, 2, 1, 1, 1, 9, 2, 3, 3, 1, 1, 3, 3, 1, 1, 4, 3, 2, 3, 1, 2, 3, 2, 4, 6, 5, 1, 6, 2, 2, 3, 1, 3, 2, 1, 5, 3, 3, 3, 1, 2, 1, 4, 11, 3, 4, 1, 6, 1, 2, 1, 1, 5, 3, 6, 2, 3, 2, 4, 2, 1, 3, 1, 4, 2, 3, 8, 4, 3, 2, 1, 3, 1, 5, 4, 4, 7, 3, 1, 1, 1, 2, 1], "episode_rewards": [-1.0, 0.25, -1.0, -1.0, -1.0, -1.0, -1.0, -1.0, -1.0, 3.125, -1.0, -1.0, 1.0, -1.0, -1.0, -1.0, -1.0, -1.0, -1.0, -1.0, -1.0, -1.0, 2.7, -1.0, -1.0, -1.0, -1.0, -1.0, 1.0, -1.0, -1.0, -1.0, 0.5, -1.0, -1.0, -1.0, -1.0, -1.0, 4.0, -1.0, -1.0, 3.0, 0.33333333333333326, -1.0, 0.5, -1.0, -1.0, 4.0, -1.0, -1.0, -1.0, -1.0, 0.5, -1.0, -1.0, -1.0, -1.0, -1.0, -1.0, -1.0, 0.25, -1.0, 1.0, -1.0, 1.0, -1.0, -1.0, -1.0, -1.0, 0.33333333333333326, -1.0, 3.333333333333333, -1.0, -1.0, -1.0, 1.0, -1.0, -1.0, 1.0, -1.0, -1.0, -1.0, -1.0, 0.33333333333333326, 3.5, -1.0, -1.0, -1.0, 1.0, -1.0, 1.0, -1.0, 0.5, 1.0, -1.0, -1.0, -1.0, -1.0, -1.0, -1.0], "episode_rewards_2": [1.0, 1.0, 1.0, 1.0, 1.0, 1.0, 1.0, 1.0, 1.0, -2.0, 1.0, 1.0, 1.0, 1.0, 1.0, 1.0, 1.0, 1.0, 1.0, 1.0, 1.0, 1.0, -2.0, 1.0, 1.0, 1.0, 1.0, 1.0, 1.0, 1.0, 1.0, 1.0, 1.0, 1.0, 1.0, 1.0, 1.0, 1.0, -2.0, 1.0, 1.0, -2.0, 1.0, 1.0, 1.0, 1.0, 1.0, -2.0, 1.0, 1.0, 1.0, 1.0, 1.0, 1.0, 1.0, 1.0, 1.0, 1.0, 1.0, 1.0, 1.0, 1.0, 1.0, 1.0, 1.0, 1.0, 1.0, 1.0, 1.0, 1.0, 1.0, -2.0, 1.0, 1.0, 1.0, 1.0, 1.0, 1.0, 1.0, 1.0, 1.0, 1.0, 1.0, 1.0, -2.0, 1.0, 1.0, 1.0, 1.0, 1.0, 1.0, 1.0, 1.0, 1.0, 1.0, 1.0, 1.0, 1.0, 1.0, 1.0], "episode_types": ["t", "t", "t", "t", "t", "t", "t", "t", "t", "t", "t", "t", "t", "t", "t", "t", "t", "t", "t", "t", "t", "t", "t", "t", "t", "t", "t", "t", "t", "t", "t", "t", "t", "t", "t", "t", "t", "t", "t", "t", "t", "t", "t", "t", "t", "t", "t", "t", "t", "t", "t", "t", "t", "t", "t", "t", "t", "t", "t", "t", "t", "t", "t", "t", "t", "t", "t", "t", "t", "t", "t", "t", "t", "t", "t", "t", "t", "t", "t", "t", "t", "t", "t", "t", "t", "t", "t", "t", "t", "t", "t", "t", "t", "t", "t", "t", "t", "t", "t", "t", "t"]}