{"initial_reset_timestamp": 1744398030.3981054, "timestamps": [1744398030.4358203, 1744398030.4457712, 1744398030.4516442, 1744398030.4607065, 1744398030.4808593, 1744398030.4982374, 1744398030.5078804, 1744398030.5116494, 1744398030.518671, 1744398030.523987, 1744398030.5390966, 1744398030.5517373, 1744398030.5578854, 1744398030.5643518, 1744398030.568012, 1744398030.5947292, 1744398030.606012, 1744398030.6128619, 1744398030.6265924, 1744398030.6460183, 1744398030.6523304, 1744398030.6684706, 1744398030.6717978, 1744398030.6836007, 1744398030.6964834, 1744398030.7024863, 1744398030.7157524, 1744398030.7348068, 1744398030.741409, 1744398030.753276, 1744398030.759816, 1744398030.7662303, 1744398030.7704601, 1744398030.7738504, 1744398030.7848382, 1744398030.793974, 1744398030.8041697, 1744398030.8081882, 1744398030.8123372, 1744398030.8216586, 1744398030.8281388, 1744398030.83913, 1744398030.8461106, 1744398030.871662, 1744398030.8809662, 1744398030.9012787, 1744398030.9281642, 1744398030.9318879, 1744398030.9414644, 1744398030.9449801, 1744398030.950203, 1744398030.9699852, 1744398030.9735475, 1744398030.976985, 1744398030.9835784, 1744398030.9866004, 1744398031.0010173, 1744398031.0135753, 1744398031.0191967, 1744398031.0256805, 1744398031.0351002, 1744398031.0489674, 1744398031.0527475, 1744398031.0620606, 1744398031.0722299, 1744398031.0909646, 1744398031.1074555, 1744398031.132119, 1744398031.1415339, 1744398031.1451197, 1744398031.1470828, 1744398031.165568, 1744398031.1698287, 1744398031.1782143, 1744398031.1812325, 1744398031.2013173, 1744398031.2254298, 1744398031.2387736, 1744398031.2474375, 1744398031.2510576, 1744398031.2566762, 1744398031.2711935, 1744398031.2779415, 1744398031.285739, 1744398031.2892997, 1744398031.2931046, 1744398031.3080945, 1744398031.3203657, 1744398031.3388042, 1744398031.3482032, 1744398031.3582203, 1744398031.3704505, 1744398031.380451, 1744398031.3932655, 1744398031.3952527, 1744398031.3986704, 1744398031.4077055, 1744398031.4198973, 1744398031.4265447, 1744398031.433591], "episode_lengths": [11, 1, 2, 2, 5, 4, 1, 1, 2, 2, 4, 3, 2, 2, 1, 8, 2, 1, 3, 6, 2, 4, 1, 4, 4, 2, 3, 5, 2, 4, 2, 1, 1, 1, 4, 3, 2, 1, 1, 3, 1, 2, 2, 8, 3, 8, 7, 1, 3, 2, 3, 3, 1, 1, 2, 1, 3, 4, 2, 2, 3, 3, 1, 3, 2, 6, 4, 10, 5, 2, 1, 4, 1, 3, 1, 4, 6, 4, 4, 2, 3, 3, 2, 3, 2, 2, 2, 4, 6, 3, 5, 2, 3, 5, 1, 2, 1, 3, 2, 2], "episode_rewards": [1.0, -1.0, -1.0, 4.0, 3.333333333333333, -1.0, -1.0, -1.0, -1.0, -1.0, -1.0, -1.0, -1.0, -1.0, -1.0, 3.166666666666667, -1.0, -1.0, -1.0, 1.0, 4.0, -1.0, -1.0, -1.0, 1.0, -1.0, -1.0, 0.33333333333333326, -1.0, -1.0, -1.0, -1.0, -1.0, -1.0, 1.0, -1.0, -1.0, -1.0, -1.0, -1.0, -1.0, -1.0, -1.0, 3.2, -1.0, 2.75, 1.0, -1.0, -1.0, -1.0, -1.0, -1.0, -1.0, -1.0, -1.0, -1.0, 4.0, -1.0, -1.0, -1.0, 1.0, 1.0, -1.0, -1.0, -1.0, -1.0, -1.0, 2.666666666666667, -1.0, -1.0, -1.0, -1.0, -1.0, -1.0, -1.0, -1.0, 1.0, -1.0, -1.0, -1.0, -1.0, -1.0, -1.0, -1.0, -1.0, -1.0, -1.0, -1.0, -1.0, -1.0, -1.0, -1.0, -1.0, 1.0, -1.0, -1.0, -1.0, -1.0, -1.0, -1.0], "episode_rewards_2": [1.0, 1.0, 1.0, -2.0, -2.0, 1.0, 1.0, 1.0, 1.0, 1.0, 1.0, 1.0, 1.0, 1.0, 1.0, -2.0, 1.0, 1.0, 1.0, 1.0, -2.0, 1.0, 1.0, 1.0, 1.0, 1.0, 1.0, 1.0, 1.0, 1.0, 1.0, 1.0, 1.0, 1.0, 1.0, 1.0, 1.0, 1.0, 1.0, 1.0, 1.0, 1.0, 1.0, -2.0, 1.0, -2.0, 1.0, 1.0, 1.0, 1.0, 1.0, 1.0, 1.0, 1.0, 1.0, 1.0, -2.0, 1.0, 1.0, 1.0, 1.0, 1.0, 1.0, 1.0, 1.0, 1.0, 1.0, -2.0, 1.0, 1.0, 1.0, 1.0, 1.0, 1.0, 1.0, 1.0, 1.0, 1.0, 1.0, 1.0, 1.0, 1.0, 1.0, 1.0, 1.0, 1.0, 1.0, 1.0, 1.0, 1.0, 1.0, 1.0, 1.0, 1.0, 1.0, 1.0, 1.0, 1.0, 1.0, 1.0], "episode_types": ["t", "t", "t", "t", "t", "t", "t", "t", "t", "t", "t", "t", "t", "t", "t", "t", "t", "t", "t", "t", "t", "t", "t", "t", "t", "t", "t", "t", "t", "t", "t", "t", "t", "t", "t", "t", "t", "t", "t", "t", "t", "t", "t", "t", "t", "t", "t", "t", "t", "t", "t", "t", "t", "t", "t", "t", "t", "t", "t", "t", "t", "t", "t", "t", "t", "t", "t", "t", "t", "t", "t", "t", "t", "t", "t", "t", "t", "t", "t", "t", "t", "t", "t", "t", "t", "t", "t", "t", "t", "t", "t", "t", "t", "t", "t", "t", "t", "t", "t", "t", "t"]}