{"initial_reset_timestamp": 1744397974.9296196, "timestamps": [1744397974.9421952, 1744397974.9656508, 1744397974.9697518, 1744397974.976372, 1744397974.979946, 1744397975.005674, 1744397975.021204, 1744397975.029765, 1744397975.0455625, 1744397975.0551906, 1744397975.0578809, 1744397975.0676687, 1744397975.0875034, 1744397975.0894907, 1744397975.0926368, 1744397975.0943334, 1744397975.1023786, 1744397975.1168387, 1744397975.123373, 1744397975.1336377, 1744397975.1398814, 1744397975.1462827, 1744397975.1495607, 1744397975.1552823, 1744397975.1618123, 1744397975.1699135, 1744397975.1759818, 1744397975.1940234, 1744397975.201341, 1744397975.2044764, 1744397975.209673, 1744397975.2219625, 1744397975.2325356, 1744397975.2346492, 1744397975.2412567, 1744397975.253197, 1744397975.2712452, 1744397975.2737691, 1744397975.27994, 1744397975.2816968, 1744397975.2847705, 1744397975.2967663, 1744397975.3093858, 1744397975.3153183, 1744397975.3171117, 1744397975.318805, 1744397975.3259022, 1744397975.3396184, 1744397975.353631, 1744397975.3588207, 1744397975.362303, 1744397975.374525, 1744397975.3847277, 1744397975.396952, 1744397975.3987548, 1744397975.403193, 1744397975.4119866, 1744397975.422985, 1744397975.4268625, 1744397975.4302526, 1744397975.4320152, 1744397975.4392357, 1744397975.4495392, 1744397975.454629, 1744397975.4607127, 1744397975.4692945, 1744397975.4947236, 1744397975.4987466, 1744397975.5021956, 1744397975.510907, 1744397975.5140243, 1744397975.5246952, 1744397975.534836, 1744397975.5381696, 1744397975.5419152, 1744397975.5506742, 1744397975.5824049, 1744397975.5875545, 1744397975.595753, 1744397975.5992932, 1744397975.6055977, 1744397975.618182, 1744397975.6301959, 1744397975.637164, 1744397975.6454763, 1744397975.6495233, 1744397975.6617477, 1744397975.671041, 1744397975.6834981, 1744397975.6871295, 1744397975.7012768, 1744397975.7139149, 1744397975.7173715, 1744397975.7245905, 1744397975.7298696, 1744397975.7394347, 1744397975.7527018, 1744397975.7639449, 1744397975.7701294, 1744397975.773354], "episode_lengths": [2, 3, 1, 2, 1, 9, 3, 2, 3, 2, 1, 1, 10, 1, 2, 1, 1, 5, 2, 6, 1, 1, 1, 2, 2, 3, 1, 8, 5, 2, 3, 3, 3, 1, 1, 4, 3, 1, 4, 1, 2, 3, 6, 4, 1, 1, 1, 5, 3, 3, 2, 3, 3, 7, 1, 3, 2, 4, 2, 2, 1, 1, 2, 2, 2, 3, 9, 2, 2, 6, 2, 1, 3, 1, 2, 2, 11, 3, 4, 2, 4, 1, 4, 2, 3, 2, 2, 5, 2, 1, 5, 3, 1, 3, 3, 4, 3, 4, 2, 1], "episode_rewards": [-1.0, -1.0, -1.0, 4.0, -1.0, 2.7, -1.0, 4.0, -1.0, -1.0, -1.0, -1.0, 2.5, -1.0, -1.0, -1.0, -1.0, 3.333333333333333, -1.0, 3.25, -1.0, -1.0, -1.0, 4.0, 1.0, 4.0, -1.0, 2.75, -1.0, -1.0, -1.0, -1.0, -1.0, -1.0, -1.0, 3.5, -1.0, -1.0, 3.5, -1.0, -1.0, -1.0, -1.0, 3.5, -1.0, -1.0, -1.0, 0.5, -1.0, -1.0, -1.0, -1.0, -1.0, 3.25, -1.0, -1.0, -1.0, 3.5, -1.0, -1.0, -1.0, -1.0, -1.0, -1.0, -1.0, -1.0, 2.7, -1.0, -1.0, -1.0, -1.0, -1.0, 4.0, -1.0, -1.0, -1.0, 2.642857142857143, 1.0, 1.0, -1.0, 1.0, -1.0, 3.5, -1.0, -1.0, -1.0, -1.0, -1.0, -1.0, -1.0, -1.0, -1.0, -1.0, -1.0, -1.0, -1.0, -1.0, -1.0, -1.0, -1.0], "episode_rewards_2": [1.0, 1.0, 1.0, -2.0, 1.0, -2.0, 1.0, -2.0, 1.0, 1.0, 1.0, 1.0, -2.0, 1.0, 1.0, 1.0, 1.0, -2.0, 1.0, -2.0, 1.0, 1.0, 1.0, -2.0, 1.0, -2.0, 1.0, -2.0, 1.0, 1.0, 1.0, 1.0, 1.0, 1.0, 1.0, -2.0, 1.0, 1.0, -2.0, 1.0, 1.0, 1.0, 1.0, -2.0, 1.0, 1.0, 1.0, 1.0, 1.0, 1.0, 1.0, 1.0, 1.0, -2.0, 1.0, 1.0, 1.0, -2.0, 1.0, 1.0, 1.0, 1.0, 1.0, 1.0, 1.0, 1.0, -2.0, 1.0, 1.0, 1.0, 1.0, 1.0, -2.0, 1.0, 1.0, 1.0, -2.0, 1.0, 1.0, 1.0, 1.0, 1.0, -2.0, 1.0, 1.0, 1.0, 1.0, 1.0, 1.0, 1.0, 1.0, 1.0, 1.0, 1.0, 1.0, 1.0, 1.0, 1.0, 1.0, 1.0], "episode_types": ["t", "t", "t", "t", "t", "t", "t", "t", "t", "t", "t", "t", "t", "t", "t", "t", "t", "t", "t", "t", "t", "t", "t", "t", "t", "t", "t", "t", "t", "t", "t", "t", "t", "t", "t", "t", "t", "t", "t", "t", "t", "t", "t", "t", "t", "t", "t", "t", "t", "t", "t", "t", "t", "t", "t", "t", "t", "t", "t", "t", "t", "t", "t", "t", "t", "t", "t", "t", "t", "t", "t", "t", "t", "t", "t", "t", "t", "t", "t", "t", "t", "t", "t", "t", "t", "t", "t", "t", "t", "t", "t", "t", "t", "t", "t", "t", "t", "t", "t", "t", "t"]}