{"initial_reset_timestamp": 1744398040.0771568, "timestamps": [1744398040.0924108, 1744398040.1011095, 1744398040.107851, 1744398040.1188853, 1744398040.144687, 1744398040.1487982, 1744398040.1602628, 1744398040.171152, 1744398040.180866, 1744398040.2020154, 1744398040.2096431, 1744398040.2278903, 1744398040.2343442, 1744398040.2470655, 1744398040.2538612, 1744398040.2757516, 1744398040.2926214, 1744398040.2996066, 1744398040.3253975, 1744398040.3299131, 1744398040.3462896, 1744398040.3545234, 1744398040.363659, 1744398040.3748157, 1744398040.3812368, 1744398040.384442, 1744398040.3911343, 1744398040.404031, 1744398040.422095, 1744398040.4376287, 1744398040.456788, 1744398040.4705017, 1744398040.4741724, 1744398040.4999547, 1744398040.5035548, 1744398040.5129306, 1744398040.5251613, 1744398040.5329585, 1744398040.5466998, 1744398040.5516443, 1744398040.5556483, 1744398040.5831132, 1744398040.5966613, 1744398040.6107678, 1744398040.6208324, 1744398040.622777, 1744398040.6362011, 1744398040.6632538, 1744398040.6728647, 1744398040.6891875, 1744398040.6942143, 1744398040.7101884, 1744398040.717545, 1744398040.7242665, 1744398040.7381012, 1744398040.7479002, 1744398040.7641618, 1744398040.7771952, 1744398040.7807271, 1744398040.7870054, 1744398040.7908554, 1744398040.812636, 1744398040.8161573, 1744398040.8227274, 1744398040.8297393, 1744398040.8341916, 1744398040.8477829, 1744398040.8585827, 1744398040.8827994, 1744398040.8856525, 1744398040.889105, 1744398040.9042826, 1744398040.9104245, 1744398040.924623, 1744398040.9292362, 1744398040.9333851, 1744398040.9577217, 1744398040.9698007, 1744398040.9867413, 1744398040.9951258, 1744398040.9987974, 1744398041.0065134, 1744398041.0163987, 1744398041.0202906, 1744398041.0326118, 1744398041.0394716, 1744398041.0476866, 1744398041.0517445, 1744398041.0581806, 1744398041.0684965, 1744398041.084285, 1744398041.1074224, 1744398041.1192782, 1744398041.1284585, 1744398041.1407743, 1744398041.146029, 1744398041.1531982, 1744398041.1579733, 1744398041.1697607, 1744398041.1736653], "episode_lengths": [4, 1, 2, 3, 8, 1, 2, 2, 2, 4, 2, 5, 2, 4, 2, 6, 4, 2, 7, 1, 4, 1, 3, 3, 2, 1, 1, 4, 4, 5, 6, 3, 1, 8, 1, 3, 3, 1, 4, 1, 1, 8, 4, 4, 4, 1, 1, 6, 3, 6, 3, 2, 2, 2, 5, 2, 3, 4, 1, 2, 1, 6, 1, 2, 2, 2, 3, 2, 8, 1, 1, 2, 1, 4, 1, 1, 4, 2, 5, 2, 1, 1, 3, 1, 4, 2, 1, 1, 2, 2, 5, 6, 4, 3, 5, 3, 1, 1, 3, 1], "episode_rewards": [4.0, -1.0, -1.0, 1.0, 3.166666666666667, -1.0, -1.0, -1.0, -1.0, -1.0, -1.0, 3.5, -1.0, -1.0, -1.0, 0.33333333333333326, -1.0, -1.0, 3.25, -1.0, -1.0, -1.0, -1.0, -1.0, -1.0, -1.0, -1.0, 3.5, -1.0, -1.0, 3.25, -1.0, -1.0, 1.0, -1.0, -1.0, -1.0, -1.0, 1.0, -1.0, -1.0, 0.33333333333333326, -1.0, 3.5, -1.0, -1.0, -1.0, -1.0, -1.0, 1.0, -1.0, -1.0, -1.0, -1.0, -1.0, -1.0, -1.0, 1.0, -1.0, -1.0, -1.0, 3.0, -1.0, 1.0, -1.0, -1.0, -1.0, -1.0, 3.166666666666667, -1.0, -1.0, -1.0, -1.0, -1.0, -1.0, -1.0, -1.0, -1.0, 3.5, -1.0, -1.0, -1.0, 4.0, -1.0, 0.5, -1.0, -1.0, -1.0, -1.0, -1.0, 3.333333333333333, 3.333333333333333, -1.0, -1.0, -1.0, 4.0, -1.0, -1.0, -1.0, -1.0], "episode_rewards_2": [-2.0, 1.0, 1.0, 1.0, -2.0, 1.0, 1.0, 1.0, 1.0, 1.0, 1.0, -2.0, 1.0, 1.0, 1.0, 1.0, 1.0, 1.0, -2.0, 1.0, 1.0, 1.0, 1.0, 1.0, 1.0, 1.0, 1.0, -2.0, 1.0, 1.0, -2.0, 1.0, 1.0, 1.0, 1.0, 1.0, 1.0, 1.0, 1.0, 1.0, 1.0, 1.0, 1.0, -2.0, 1.0, 1.0, 1.0, 1.0, 1.0, 1.0, 1.0, 1.0, 1.0, 1.0, 1.0, 1.0, 1.0, 1.0, 1.0, 1.0, 1.0, -2.0, 1.0, 1.0, 1.0, 1.0, 1.0, 1.0, -2.0, 1.0, 1.0, 1.0, 1.0, 1.0, 1.0, 1.0, 1.0, 1.0, -2.0, 1.0, 1.0, 1.0, -2.0, 1.0, 1.0, 1.0, 1.0, 1.0, 1.0, 1.0, -2.0, -2.0, 1.0, 1.0, 1.0, -2.0, 1.0, 1.0, 1.0, 1.0], "episode_types": ["t", "t", "t", "t", "t", "t", "t", "t", "t", "t", "t", "t", "t", "t", "t", "t", "t", "t", "t", "t", "t", "t", "t", "t", "t", "t", "t", "t", "t", "t", "t", "t", "t", "t", "t", "t", "t", "t", "t", "t", "t", "t", "t", "t", "t", "t", "t", "t", "t", "t", "t", "t", "t", "t", "t", "t", "t", "t", "t", "t", "t", "t", "t", "t", "t", "t", "t", "t", "t", "t", "t", "t", "t", "t", "t", "t", "t", "t", "t", "t", "t", "t", "t", "t", "t", "t", "t", "t", "t", "t", "t", "t", "t", "t", "t", "t", "t", "t", "t", "t", "t"]}